<application>
  <component name="BhCommentHighlightConfiguration">
    <tokens>
      <list>
        <CommentTokenDescriptor>
          <token>!</token>
        </CommentTokenDescriptor>
        <CommentTokenDescriptor>
          <token>?</token>
        </CommentTokenDescriptor>
        <CommentTokenDescriptor>
          <token>*</token>
        </CommentTokenDescriptor>
        <CommentTokenDescriptor>
          <isLineHighlight>true</isLineHighlight>
          <token>End</token>
        </CommentTokenDescriptor>
        <CommentTokenDescriptor>
          <isLineHighlight>true</isLineHighlight>
          <token>Region</token>
        </CommentTokenDescriptor>
      </list>
    </tokens>
  </component>
  <component name="CommentHighlightConfiguration">
    <tokens>
      <list>
        <CommentTokenDescriptor>
          <token>!</token>
          <severity>TEXT</severity>
        </CommentTokenDescriptor>
        <CommentTokenDescriptor>
          <token>?</token>
        </CommentTokenDescriptor>
        <CommentTokenDescriptor>
          <token>*</token>
        </CommentTokenDescriptor>
        <CommentTokenDescriptor>
          <isLineHighlight>true</isLineHighlight>
          <token>End</token>
        </CommentTokenDescriptor>
        <CommentTokenDescriptor>
          <isLineHighlight>true</isLineHighlight>
          <token>Region</token>
        </CommentTokenDescriptor>
      </list>
    </tokens>
  </component>
</application>