<application>
  <component name="FileTypeManager" version="19">
    <ignoreFiles list="*.pyc;*.pyo;*.rbc;*.yarb;.DS_Store;.git;.hg;.mypy_cache;.pytest_cache;.ruff_cache;.svn;CVS;__pycache__;_svn;vssver.scc;vssver2.scc" />
    <extensionMap>
      <removed_mapping ext="dockerignore" approved="true" type="DockerIgnore file" />
      <removed_mapping ext="ignore" approved="true" type="IgnoreLang file" />
      <removed_mapping ext="inputactions" approved="true" type="JSON" />
      <removed_mapping ext="template" approved="true" type="PLAIN_TEXT" />
      <removed_mapping ext="tps" approved="true" type="XML" />
    </extensionMap>
  </component>
</application>