<application>
  <component name="GitHubActionCache">
    <option name="actions">
      <map>
        <entry key="actions/checkout@v4">
          <value>
            <GitHubAction>
              <option name="action" value="true" />
              <option name="inputs">
                <map>
                  <entry key="clean" value="r[false] def[true] Whether to execute `git clean -ffdx &amp;&amp; git reset --hard HEAD` before fetching" />
                  <entry key="fetch-depth" value="r[false] def[1] Number of commits to fetch. 0 indicates all history for all branches and tags." />
                  <entry key="fetch-tags" value="r[false] def[false] Whether to fetch tags, even if fetch-depth &gt; 0." />
                  <entry key="filter" value="r[false] def[null]" />
                  <entry key="github-server-url" value="r[false]  The base URL for the GitHub instance that you are trying to clone from, will use environment defaults to fetch from the same instance that the workflow is running from unless specified. Example URLs are https://github.com or https://my-ghes-server.example.com" />
                  <entry key="lfs" value="r[false] def[false] Whether to download Git-LFS files" />
                  <entry key="path" value="r[false]  Relative path under $GITHUB_WORKSPACE to place the repository" />
                  <entry key="persist-credentials" value="r[false] def[true] Whether to configure the token or SSH key with the local git config" />
                  <entry key="ref" value="r[false] " />
                  <entry key="repository" value="r[false] def[${{ github.repository }}] Repository name with owner. For example, actions/checkout" />
                  <entry key="set-safe-directory" value="r[false] def[true] Add repository path as safe.directory for Git global config by running `git config --global --add safe.directory &lt;path&gt;`" />
                  <entry key="show-progress" value="r[false] def[true] Whether to show progress status output when fetching." />
                  <entry key="sparse-checkout" value="r[false] def[null]" />
                  <entry key="sparse-checkout-cone-mode" value="r[false] def[true]" />
                  <entry key="ssh-key" value="r[false] " />
                  <entry key="ssh-known-hosts" value="r[false] " />
                  <entry key="ssh-strict" value="r[false] def[true]" />
                  <entry key="ssh-user" value="r[false] def[git]" />
                  <entry key="submodules" value="r[false] def[false]" />
                  <entry key="token" value="r[false] def[${{ github.token }}]" />
                </map>
              </option>
              <option name="metaData">
                <map>
                  <entry key="downloadUrl" value="https://raw.githubusercontent.com/actions/checkout/v4/action.yml" />
                  <entry key="expiryTime" value="1723880179171" />
                  <entry key="githubUrl" value="https://github.com/actions/checkout/tree/v4#readme" />
                  <entry key="isAction" value="true" />
                  <entry key="isLocal" value="false" />
                  <entry key="isResolved" value="true" />
                  <entry key="isSuppressed" value="false" />
                  <entry key="name" value="actions/checkout" />
                  <entry key="usesValue" value="actions/checkout@v4" />
                </map>
              </option>
            </GitHubAction>
          </value>
        </entry>
        <entry key="actions/setup-dotnet@v4">
          <value>
            <GitHubAction>
              <option name="action" value="true" />
              <option name="inputs">
                <map>
                  <entry key="cache" value="r[false] def[false] Optional input to enable caching of the NuGet global-packages folder" />
                  <entry key="cache-dependency-path" value="r[false]  Used to specify the path to a dependency file: packages.lock.json. Supports wildcards or a list of file names for caching multiple dependencies." />
                  <entry key="config-file" value="r[false]  Optional NuGet.config location, if your NuGet.config isn''t located in the root of the repo." />
                  <entry key="dotnet-quality" value="r[false]  Optional quality of the build. The possible values are: daily, signed, validated, preview, ga." />
                  <entry key="dotnet-version" value="r[false]  Optional SDK version(s) to use. If not provided, will install global.json version when available. Examples: 2.2.104, 3.1, 3.1.x, 3.x, 6.0.2xx" />
                  <entry key="global-json-file" value="r[false]  Optional global.json location, if your global.json isn''t located in the root of the repo." />
                  <entry key="owner" value="r[false]  Optional OWNER for using packages from GitHub Package Registry organizations/users other than the current repository''s owner. Only used if a GPR URL is also provided in source-url" />
                  <entry key="source-url" value="r[false]  Optional package source for which to set up authentication. Will consult any existing NuGet.config in the root of the repo and provide a temporary NuGet.config using the NUGET_AUTH_TOKEN environment variable as a ClearTextPassword" />
                </map>
              </option>
              <option name="metaData">
                <map>
                  <entry key="downloadUrl" value="https://raw.githubusercontent.com/actions/setup-dotnet/v4/action.yml" />
                  <entry key="expiryTime" value="1723880415398" />
                  <entry key="githubUrl" value="https://github.com/actions/setup-dotnet/tree/v4#readme" />
                  <entry key="isAction" value="true" />
                  <entry key="isLocal" value="false" />
                  <entry key="isResolved" value="true" />
                  <entry key="isSuppressed" value="false" />
                  <entry key="name" value="actions/setup-dotnet" />
                  <entry key="usesValue" value="actions/setup-dotnet@v4" />
                </map>
              </option>
              <option name="outputs">
                <map>
                  <entry key="cache-hit" value=" A boolean value to indicate if a cache was hit." />
                  <entry key="dotnet-version" value=" Contains the installed by action .NET SDK version for reuse." />
                </map>
              </option>
            </GitHubAction>
          </value>
        </entry>
        <entry key="arduino/setup-task@v1">
          <value>
            <GitHubAction>
              <option name="action" value="true" />
              <option name="inputs">
                <map>
                  <entry key="repo-token" value="r[false]  Token with permissions to do repo things" />
                  <entry key="version" value="r[true] def[3.x] Version to use. Example: 3.4.2" />
                </map>
              </option>
              <option name="metaData">
                <map>
                  <entry key="downloadUrl" value="https://raw.githubusercontent.com/arduino/setup-task/v1/action.yml" />
                  <entry key="expiryTime" value="1723880179172" />
                  <entry key="githubUrl" value="https://github.com/arduino/setup-task/tree/v1#readme" />
                  <entry key="isAction" value="true" />
                  <entry key="isLocal" value="false" />
                  <entry key="isResolved" value="true" />
                  <entry key="isSuppressed" value="false" />
                  <entry key="name" value="arduino/setup-task" />
                  <entry key="usesValue" value="arduino/setup-task@v1" />
                </map>
              </option>
            </GitHubAction>
          </value>
        </entry>
        <entry key="oven-sh/setup-bun@v1">
          <value>
            <GitHubAction>
              <option name="action" value="true" />
              <option name="inputs">
                <map>
                  <entry key="bun-download-url" value="r[false]  Override the URL to download Bun from. This skips version resolution and verifying AVX2 support." />
                  <entry key="bun-version" value="r[false]  The version of Bun to install. (e.g. &quot;latest&quot;, &quot;canary&quot;, &quot;1.0.0&quot;, &quot;1.0.x&quot;, &lt;sha&gt;)" />
                  <entry key="no-cache" value="r[false] def[false] Disable caching of bun executable." />
                  <entry key="registry-url" value="r[false]  The URL of the package registry to use for installing Bun. Set the $BUN_AUTH_TOKEN environment variable to authenticate with the registry." />
                  <entry key="scope" value="r[false]  The scope for authenticating with the package registry." />
                </map>
              </option>
              <option name="metaData">
                <map>
                  <entry key="downloadUrl" value="https://raw.githubusercontent.com/oven-sh/setup-bun/v1/action.yml" />
                  <entry key="expiryTime" value="1723880179172" />
                  <entry key="githubUrl" value="https://github.com/oven-sh/setup-bun/tree/v1#readme" />
                  <entry key="isAction" value="true" />
                  <entry key="isLocal" value="false" />
                  <entry key="isResolved" value="true" />
                  <entry key="isSuppressed" value="false" />
                  <entry key="name" value="oven-sh/setup-bun" />
                  <entry key="usesValue" value="oven-sh/setup-bun@v1" />
                </map>
              </option>
              <option name="outputs">
                <map>
                  <entry key="bun-revision" value=" The revision of Bun that was installed." />
                  <entry key="bun-version" value=" The version of Bun that was installed." />
                  <entry key="cache-hit" value=" If the version of Bun was cached." />
                </map>
              </option>
            </GitHubAction>
          </value>
        </entry>
      </map>
    </option>
  </component>
</application>