<application>
  <component name="GitHubActionCache">
    <option name="actions">
      <map>
        <entry key="actions/checkout@v4">
          <value>
            <GitHubAction>
              <option name="action" value="true" />
              <option name="metaData">
                <map>
                  <entry key="downloadUrl" value="https://raw.githubusercontent.com/actions/checkout/v4/action.yml" />
                  <entry key="expiryTime" value="1725265520916" />
                  <entry key="githubUrl" value="https://github.com/actions/checkout/tree/v4#readme" />
                  <entry key="ignoredInputs" value="" />
                  <entry key="ignoredOutputs" value="" />
                  <entry key="isAction" value="true" />
                  <entry key="isLocal" value="false" />
                  <entry key="isSuppressed" value="false" />
                  <entry key="name" value="actions/checkout" />
                  <entry key="usesValue" value="actions/checkout@v4" />
                </map>
              </option>
            </GitHubAction>
          </value>
        </entry>
        <entry key="actions/setup-dotnet@v4">
          <value>
            <GitHubAction>
              <option name="action" value="true" />
              <option name="metaData">
                <map>
                  <entry key="downloadUrl" value="https://raw.githubusercontent.com/actions/setup-dotnet/v4/action.yml" />
                  <entry key="expiryTime" value="1725265520916" />
                  <entry key="githubUrl" value="https://github.com/actions/setup-dotnet/tree/v4#readme" />
                  <entry key="ignoredInputs" value="" />
                  <entry key="ignoredOutputs" value="" />
                  <entry key="isAction" value="true" />
                  <entry key="isLocal" value="false" />
                  <entry key="isSuppressed" value="false" />
                  <entry key="name" value="actions/setup-dotnet" />
                  <entry key="usesValue" value="actions/setup-dotnet@v4" />
                </map>
              </option>
            </GitHubAction>
          </value>
        </entry>
        <entry key="arduino/setup-task@v1">
          <value>
            <GitHubAction>
              <option name="action" value="true" />
              <option name="metaData">
                <map>
                  <entry key="downloadUrl" value="https://raw.githubusercontent.com/arduino/setup-task/v1/action.yml" />
                  <entry key="expiryTime" value="1725265520916" />
                  <entry key="githubUrl" value="https://github.com/arduino/setup-task/tree/v1#readme" />
                  <entry key="ignoredInputs" value="" />
                  <entry key="ignoredOutputs" value="" />
                  <entry key="isAction" value="true" />
                  <entry key="isLocal" value="false" />
                  <entry key="isSuppressed" value="false" />
                  <entry key="name" value="arduino/setup-task" />
                  <entry key="usesValue" value="arduino/setup-task@v1" />
                </map>
              </option>
            </GitHubAction>
          </value>
        </entry>
        <entry key="oven-sh/setup-bun@v1">
          <value>
            <GitHubAction>
              <option name="action" value="true" />
              <option name="metaData">
                <map>
                  <entry key="downloadUrl" value="https://raw.githubusercontent.com/oven-sh/setup-bun/v1/action.yml" />
                  <entry key="expiryTime" value="1725265520908" />
                  <entry key="githubUrl" value="https://github.com/oven-sh/setup-bun/tree/v1#readme" />
                  <entry key="ignoredInputs" value="" />
                  <entry key="ignoredOutputs" value="" />
                  <entry key="isAction" value="true" />
                  <entry key="isLocal" value="false" />
                  <entry key="isSuppressed" value="false" />
                  <entry key="name" value="oven-sh/setup-bun" />
                  <entry key="usesValue" value="oven-sh/setup-bun@v1" />
                </map>
              </option>
            </GitHubAction>
          </value>
        </entry>
      </map>
    </option>
  </component>
</application>