<application>
  <component name="ProjectManager">
    <defaultProject>
      <component name="BunSettings">
        <option name="bunPath" value="/home/linuxbrew/.linuxbrew/bin/bun" />
      </component>
      <component name="DenoSettings">
        <option name="denoPath" value="/home/linuxbrew/.linuxbrew/bin/deno" />
        <option name="enableFormatting" value="false" />
      </component>
      <component name="Encoding" addBOMForNewFiles="with BOM under Windows, with no BOM otherwise" />
      <component name="EslintConfiguration">
        <files-pattern value="**/*.{js,ts,jsx,tsx,cjs,cts,mjs,mts,html,vue,astro,svelte}" />
      </component>
      <component name="InspectionProjectProfileManager">
        <profile version="1.0">
          <option name="myName" value="Project Default" />
          <inspection_tool class="Eslint" enabled="true" level="WARNING" enabled_by_default="true" />
        </profile>
        <version value="1.0" />
      </component>
      <component name="KubernetesApiProvider">{}</component>
      <component name="MaterialThemeProjectNewConfig">
        <option name="metadata">
          <MTProjectMetadataState>
            <option name="migrated" value="true" />
            <option name="pristineConfig" value="false" />
            <option name="userId" value="43b0f8be:192cadc3565:-7ffa" />
          </MTProjectMetadataState>
        </option>
      </component>
      <component name="PrettierConfiguration">
        <option name="myConfigurationMode" value="MANUAL" />
        <option name="myRunOnSave" value="true" />
        <option name="myRunOnReformat" value="true" />
        <option name="myFilesPattern" value="**/*.{js,jsx,cjs,mjs,ts,tsx,cts,mts,html,css,scss,sass,json,yaml,md,mdx,svx,graphql,graphqls,gql,vue,astro,svelte}" />
      </component>
      <component name="ProjectInspectionProfilesVisibleTreeState">
        <entry key="Project Default">
          <profile-state>
            <selected-state>
              <State>
                <id>User defined</id>
              </State>
            </selected-state>
          </profile-state>
        </entry>
      </component>
      <component name="PropertiesComponent"><![CDATA[{
  "keyToString": {
    "last_opened_file_path": "/home/linuxbrew/.linuxbrew/bin/bun",
    "node.js.selected.package.eslint": "(autodetect)",
    "node.js.selected.package.standard": "",
    "node.js.selected.package.stylelint": "/home/logno-atoshi/.bun/install/global/node_modules/stylelint",
    "nodejs_interpreter_path": "/home/linuxbrew/.linuxbrew/bin/node",
    "nodejs_package_manager_path": "npm",
    "prettierjs.PrettierConfiguration.Package": "/home/linuxbrew/.linuxbrew/opt/prettier/libexec/lib/node_modules/prettier",
    "settings.editor.selected.configurable": "configurable.group.appearance"
  }
}]]></component>
      <component name="StylelintConfiguration">
        <config-file value="$USER_HOME$/.bun/install/global/stylelintrc.yaml" />
        <file-patterns value="**/*.{html,css,scss,vue,astro,svelte}" />
      </component>
      <component name="TaskManager">
        <task active="true" id="Default" summary="Default task">
          <created>1729976823328</created>
          <option name="number" value="Default" />
          <option name="presentableId" value="Default" />
          <updated>1729976823328</updated>
          <workItem from="1729976824350" duration="3373000" />
        </task>
        <servers />
      </component>
      <component name="TimeTrackingManager">
        <option name="totallyTimeSpent" value="3373000" />
      </component>
      <component name="VcsDirectoryMappings" defaultProject="true" />
      <component name="WindowStateProjectService">
        <state x="754" y="306" width="563" height="500" key="FileChooserDialogImpl" timestamp="1730201950413">
          <screen x="0" y="30" width="1920" height="1050" />
        </state>
        <state x="754" y="306" width="563" height="500" key="FileChooserDialogImpl/0.30.1920.1050" timestamp="1730201950413" />
        <state x="225" y="74" width="1488" height="953" key="Rider.NewProjectDialog.Size" timestamp="1730016962566">
          <screen x="0" y="30" width="1920" height="1050" />
        </state>
        <state x="225" y="74" width="1488" height="953" key="Rider.NewProjectDialog.Size/0.30.1920.1050" timestamp="1730016962566" />
        <state x="225" y="72" width="1492" height="957" key="SettingsEditor" timestamp="1730202877619">
          <screen x="0" y="30" width="1920" height="1050" />
        </state>
        <state x="225" y="72" width="1492" height="957" key="SettingsEditor/0.30.1920.1050" timestamp="1730202877619" />
        <state x="691" y="361" width="550" height="391" key="jetbrains.nodejs.interpreters-dialog" timestamp="1729981630879">
          <screen x="0" y="30" width="1920" height="1050" />
        </state>
        <state x="691" y="361" width="550" height="391" key="jetbrains.nodejs.interpreters-dialog/0.30.1920.1050" timestamp="1729981630879" />
      </component>
      <component name="masterDetails">
        <states>
          <state key="ScopeChooserConfigurable.UI">
            <settings>
              <splitter-proportions>
                <option name="proportions">
                  <list>
                    <option value="0.2" />
                  </list>
                </option>
              </splitter-proportions>
            </settings>
          </state>
        </states>
      </component>
    </defaultProject>
  </component>
</application>