<application>
  <component name="ProjectManager">
    <defaultProject>
      <component name="BunSettings">
        <option name="bunPath" value="/home/linuxbrew/.linuxbrew/bin/bun" />
      </component>
      <component name="DenoSettings">
        <option name="denoPath" value="/home/linuxbrew/.linuxbrew/bin/deno" />
        <option name="enableFormatting" value="false" />
      </component>
      <component name="Encoding" addBOMForNewFiles="with BOM under Windows, with no BOM otherwise" />
      <component name="EslintConfiguration">
        <files-pattern value="**/*.{js,ts,jsx,tsx,cjs,cts,mjs,mts,html,vue,astro,svelte}" />
      </component>
      <component name="InspectionProjectProfileManager">
        <profile version="1.0">
          <option name="myName" value="Project Default" />
          <inspection_tool class="Eslint" enabled="true" level="WARNING" enabled_by_default="true" />
          <inspection_tool class="Stylelint" enabled="true" level="ERROR" enabled_by_default="true" />
        </profile>
        <version value="1.0" />
      </component>
      <component name="KubernetesApiProvider">{}</component>
      <component name="MaterialThemeProjectNewConfig">
        <option name="metadata">
          <MTProjectMetadataState>
            <option name="migrated" value="true" />
            <option name="pristineConfig" value="false" />
            <option name="userId" value="43b0f8be:192cadc3565:-7ffa" />
          </MTProjectMetadataState>
        </option>
      </component>
      <component name="PrettierConfiguration">
        <option name="myConfigurationMode" value="MANUAL" />
        <option name="myRunOnSave" value="true" />
        <option name="myRunOnReformat" value="true" />
        <option name="myFilesPattern" value="**/*.{js,jsx,cjs,mjs,ts,tsx,cts,mts,html,css,scss,sass,json,yaml,md,mdx,graphql,graphqls,gql,vue,astro,svelte,properties,toml,xml,java}" />
        <option name="customIgnorePath" value="$USER_HOME$/.bun/install/global/.prettierignore" />
      </component>
      <component name="ProjectInspectionProfilesVisibleTreeState">
        <entry key="Project Default">
          <profile-state>
            <selected-state>
              <State>
                <id>User defined</id>
              </State>
            </selected-state>
          </profile-state>
        </entry>
      </component>
      <component name="ProjectViewState">
        <option name="autoscrollFromSource" value="true" />
        <option name="autoscrollToSource" value="true" />
        <option name="hideEmptyMiddlePackages" value="true" />
        <option name="openDirectoriesWithSingleClick" value="true" />
        <option name="showLibraryContents" value="true" />
      </component>
      <component name="PropertiesComponent">{
  &quot;keyToString&quot;: {
    &quot;last_opened_file_path&quot;: &quot;/home/linuxbrew/.linuxbrew/bin/helm&quot;,
    &quot;node.js.selected.package.eslint&quot;: &quot;(autodetect)&quot;,
    &quot;node.js.selected.package.standard&quot;: &quot;&quot;,
    &quot;node.js.selected.package.stylelint&quot;: &quot;/home/trina/.bun/install/global/node_modules/stylelint&quot;,
    &quot;nodejs_interpreter_path&quot;: &quot;/home/linuxbrew/.linuxbrew/bin/node&quot;,
    &quot;nodejs_package_manager_path&quot;: &quot;npm&quot;,
    &quot;prettierjs.PrettierConfiguration.Package&quot;: &quot;/home/trina/.bun/install/global/node_modules/prettier&quot;,
    &quot;settings.editor.selected.configurable&quot;: &quot;configurable.group.appearance&quot;
  }
}</component>
      <component name="StylelintConfiguration">
        <config-file value="$USER_HOME$/.bun/install/global/.stylelintrc.yaml" />
        <file-patterns value="**/*.{html,css,scss,vue,astro,svelte}" />
      </component>
      <component name="TaskManager">
        <task active="true" id="Default" summary="Default task">
          <created>1729976823328</created>
          <option name="number" value="Default" />
          <option name="presentableId" value="Default" />
          <updated>1729976823328</updated>
          <workItem from="1729976824350" duration="3373000" />
        </task>
        <servers />
      </component>
      <component name="TimeTrackingManager">
        <option name="totallyTimeSpent" value="3373000" />
      </component>
      <component name="VcsDirectoryMappings" defaultProject="true" />
      <component name="WindowStateProjectService">
        <state x="681" y="389" width="556" height="343" key="#com.intellij.ide.actions.ChooseComponentsToExportDialog" timestamp="1733389023242">
          <screen x="0" y="30" width="1920" height="1050" />
        </state>
        <state x="681" y="389" width="556" height="343" key="#com.intellij.ide.actions.ChooseComponentsToExportDialog/0.30.1920.1050" timestamp="1733389023242" />
        <state x="754" y="306" width="563" height="500" key="FileChooserDialogImpl" timestamp="1733437069747">
          <screen x="0" y="30" width="1920" height="1050" />
        </state>
        <state x="754" y="306" width="563" height="500" key="FileChooserDialogImpl/0.30.1920.1050" timestamp="1733437069747" />
        <state x="225" y="74" width="1488" height="953" key="Rider.NewProjectDialog.Size" timestamp="1732997431158">
          <screen x="0" y="30" width="1920" height="1050" />
        </state>
        <state x="225" y="74" width="1488" height="953" key="Rider.NewProjectDialog.Size/0.30.1920.1050" timestamp="1732997431158" />
        <state x="225" y="72" width="1492" height="957" key="SettingsEditor" timestamp="1733437203184">
          <screen x="0" y="30" width="1920" height="1050" />
        </state>
        <state x="225" y="72" width="1492" height="957" key="SettingsEditor/0.30.1920.1050" timestamp="1733437203184" />
        <state x="691" y="361" width="550" height="391" key="jetbrains.nodejs.interpreters-dialog" timestamp="1729981630879">
          <screen x="0" y="30" width="1920" height="1050" />
        </state>
        <state x="691" y="361" width="550" height="391" key="jetbrains.nodejs.interpreters-dialog/0.30.1920.1050" timestamp="1729981630879" />
      </component>
      <component name="masterDetails">
        <states>
          <state key="ScopeChooserConfigurable.UI">
            <settings>
              <splitter-proportions>
                <option name="proportions">
                  <list>
                    <option value="0.2" />
                  </list>
                </option>
              </splitter-proportions>
            </settings>
          </state>
        </states>
      </component>
    </defaultProject>
  </component>
</application>