<application>
  <component name="ProjectManager">
    <defaultProject>
      <component name="Encoding" addBOMForNewFiles="with BOM under Windows, with no BOM otherwise" />
      <component name="GitToolBoxBlameSettings">
        <option name="version" value="2" />
      </component>
      <component name="InspectionProjectProfileManager">
        <profile version="1.0">
          <option name="myName" value="Project Default" />
        </profile>
        <version value="1.0" />
      </component>
      <component name="JsBowerSettings">
        <bower-package value="" />
        <bower.json value="" />
      </component>
      <component name="KubernetesApiProvider">{}</component>
      <component name="MaterialThemeProjectNewConfig">
        <option name="metadata">
          <MTProjectMetadataState>
            <option name="migrated" value="true" />
            <option name="pristineConfig" value="false" />
            <option name="userId" value="-7db7f3ec:190ffb22d1d:-7ff7" />
          </MTProjectMetadataState>
        </option>
      </component>
      <component name="MetaFilesCheckinStateConfiguration" checkMetaFiles="true" />
      <component name="PrettierConfiguration">
        <option name="myConfigurationMode" value="MANUAL" />
        <option name="myRunOnSave" value="true" />
        <option name="myRunOnReformat" value="true" />
        <option name="myFilesPattern" value="**/*.{js,jsx,cjs,mjs,ts,tsx,cts,mts,html,css,scss,sass,json,yaml,md,mdx,graphql,graphqls,gql,vue,astro}" />
      </component>
      <component name="ProjectDictionaryState">
        <dictionary name="logno-atoshi" />
      </component>
      <component name="ProjectInspectionProfilesVisibleTreeState">
        <entry key="Project Default">
          <profile-state>
            <selected-state>
              <State>
                <id>User defined</id>
              </State>
            </selected-state>
          </profile-state>
        </entry>
      </component>
      <component name="ProjectViewState">
        <option name="autoscrollFromSource" value="true" />
        <option name="autoscrollToSource" value="true" />
        <option name="hideEmptyMiddlePackages" value="true" />
        <option name="openDirectoriesWithSingleClick" value="true" />
        <option name="showLibraryContents" value="true" />
      </component>
      <component name="PropertiesComponent"><![CDATA[{
  "keyToString": {
    "last_opened_file_path": "/home/linuxbrew/.linuxbrew/bin/node",
    "node.js.selected.package.eslint": "(autodetect)",
    "node.js.selected.package.standard": "",
    "node.js.selected.package.stylelint": "",
    "node.js.selected.package.tslint": "(autodetect)",
    "nodejs_interpreter_path": "/home/linuxbrew/.linuxbrew/bin/node",
    "nodejs_package_manager_path": "npm",
    "prettierjs.PrettierConfiguration.Package": "/home/logno-atoshi/.bun/install/global/node_modules/prettier",
    "settings.editor.selected.configurable": "preferences.pluginManager"
  }
}]]></component>
      <component name="SvnConfiguration">
        <configuration>$USER_HOME$/.subversion</configuration>
      </component>
      <component name="TaskManager">
        <task active="true" id="Default" summary="Default task">
          <created>1722277622199</created>
          <option name="number" value="Default" />
          <option name="presentableId" value="Default" />
          <updated>1722277622199</updated>
          <workItem from="1722277625303" duration="2702000" />
          <workItem from="1722284347990" duration="1045000" />
        </task>
        <servers />
      </component>
      <component name="TimeTrackingManager">
        <option name="totallyTimeSpent" value="3747000" />
      </component>
      <component name="UnityCheckinConfiguration" checkUnsavedScenes="true" />
      <component name="WindowStateProjectService">
        <state x="745" y="303" width="473" height="498" key="FileChooserDialogImpl" timestamp="1722287704631">
          <screen x="0" y="30" width="1920" height="1050" />
        </state>
        <state x="745" y="303" width="473" height="498" key="FileChooserDialogImpl/0.30.1920.1050" timestamp="1722287704631" />
        <state x="659" y="238" key="Rider.InstallTemplatesDialog.Size" timestamp="1722349578868">
          <screen x="0" y="30" width="1920" height="1050" />
        </state>
        <state x="659" y="238" key="Rider.InstallTemplatesDialog.Size/0.30.1920.1050" timestamp="1722349578868" />
        <state x="225" y="72" width="1481" height="961" key="Rider.NewProjectDialog.Size" timestamp="1722864400649">
          <screen x="0" y="30" width="1920" height="1050" />
        </state>
        <state x="225" y="72" width="1481" height="961" key="Rider.NewProjectDialog.Size/0.30.1920.1050" timestamp="1722864400649" />
        <state x="224" y="72" width="1477" height="949" key="SettingsEditor" timestamp="1722868898980">
          <screen x="0" y="30" width="1920" height="1050" />
        </state>
        <state x="224" y="72" width="1477" height="949" key="SettingsEditor/0.30.1920.1050" timestamp="1722868898980" />
        <state x="682" y="357" width="550" height="391" key="jetbrains.nodejs.interpreters-dialog" timestamp="1722284031505">
          <screen x="0" y="30" width="1920" height="1050" />
        </state>
        <state x="682" y="357" width="550" height="391" key="jetbrains.nodejs.interpreters-dialog/0.30.1920.1050" timestamp="1722284031505" />
      </component>
      <component name="masterDetails">
        <states>
          <state key="ScopeChooserConfigurable.UI">
            <settings>
              <splitter-proportions>
                <option name="proportions">
                  <list>
                    <option value="0.2" />
                  </list>
                </option>
              </splitter-proportions>
            </settings>
          </state>
        </states>
      </component>
    </defaultProject>
  </component>
</application>