<application>
  <component name="Trusted.Paths">
    <option name="TRUSTED_PROJECT_PATHS">
      <map>
        <entry key="$USER_HOME$/SKN/Main-Projects/WebApplication1" value="true" />
        <entry key="$USER_HOME$/SKN/Main-Projects/WebApplication1/.idea/.idea.WebApplication1" value="true" />
        <entry key="$USER_HOME$/SKN/Main-Projects/dotnet-frontend" value="true" />
        <entry key="$USER_HOME$/SKN/Main-Projects/dotnet-frontend/.idea/.idea.dotnet-frontend" value="true" />
        <entry key="$USER_HOME$/SKN/Test-Projects/WebApplication1" value="true" />
        <entry key="$USER_HOME$/SKN/Test-Projects/WebApplication1/.idea/.idea.WebApplication1" value="true" />
        <entry key="$USER_HOME$/SKN/Test-Projects/WebApplication2" value="true" />
        <entry key="$USER_HOME$/SKN/Test-Projects/dotnet-api" value="true" />
        <entry key="$USER_HOME$/SKN/Test-Projects/dotnet-backend" value="true" />
        <entry key="$USER_HOME$/SKN/Test-Projects/dotnet-frontend" value="true" />
      </map>
    </option>
  </component>
</application>