<application>
  <component name="Trusted.Paths">
    <option name="TRUSTED_PROJECT_PATHS">
      <map>
        <entry key="$USER_HOME$/SKN/Library-Projects/skn-razor-fetch" value="true" />
        <entry key="$USER_HOME$/SKN/Library-Projects/skn-razor-fetch/.idea/.idea.skn-razor-fetch" value="true" />
        <entry key="$USER_HOME$/SKN/Main-Projects/BlazorApp1" value="true" />
        <entry key="$USER_HOME$/SKN/Main-Projects/BlazorApp1/.idea/.idea.BlazorApp1" value="true" />
        <entry key="$USER_HOME$/SKN/Main-Projects/SUP-Console" value="true" />
        <entry key="$USER_HOME$/SKN/Main-Projects/SUP-Console/.idea/.idea.SUP-Console" value="true" />
        <entry key="$USER_HOME$/SKN/Main-Projects/Src" value="true" />
        <entry key="$USER_HOME$/SKN/Main-Projects/sup-console" value="true" />
        <entry key="$USER_HOME$/SKN/Main-Projects/sup-frontend" value="true" />
        <entry key="$USER_HOME$/SKN/Main-Projects/sup-frontend-cs" value="true" />
        <entry key="$USER_HOME$/SKN/Main-Projects/sup-frontend-cs/.idea/.idea.sup-frontend" value="true" />
        <entry key="$USER_HOME$/SKN/Main-Projects/sup-frontend/.idea/.idea.sup-frontend" value="true" />
        <entry key="$USER_HOME$/SKN/New-Projects/sup-frontend" value="true" />
        <entry key="$USER_HOME$/SKN/New-Projects/sup-frontend/.idea/.idea.sup-frontend" value="true" />
        <entry key="$USER_HOME$/SKN/Template-Projects/RazorClassLibrary1" value="true" />
        <entry key="$USER_HOME$/SKN/Template-Projects/Solution1" value="true" />
        <entry key="$USER_HOME$/SKN/Template-Projects/Solution1/.idea/.idea.Solution1" value="true" />
        <entry key="$USER_HOME$/SKN/Template-Projects/WebApplication1" value="true" />
        <entry key="$USER_HOME$/SKN/Template-Projects/WebApplication1/.idea/.idea.WebApplication1" value="true" />
        <entry key="$USER_HOME$/SKN/Template-Projects/sup-frontend" value="true" />
        <entry key="$USER_HOME$/SKN/Template-Projects/sup-frontend/.idea/.idea.sup-frontend" value="true" />
        <entry key="$USER_HOME$/SKN/Test-Projects/BlazorApp1" value="true" />
        <entry key="$USER_HOME$/SKN/Test-Projects/BlazorApp1/.idea/.idea.BlazorApp1" value="true" />
        <entry key="$USER_HOME$/SKN/Test-Projects/ConsoleApp" value="true" />
        <entry key="$USER_HOME$/SKN/Test-Projects/ConsoleApp/.idea/.idea.ConsoleApp" value="true" />
        <entry key="$USER_HOME$/SKN/Test-Projects/ConsoleApp1" value="true" />
        <entry key="$USER_HOME$/SKN/Test-Projects/ConsoleApp1/.idea/.idea.ConsoleApp1" value="true" />
        <entry key="$USER_HOME$/SKN/Test-Projects/ConsoleApp2" value="true" />
        <entry key="$USER_HOME$/SKN/Test-Projects/ConsoleApp2/.idea/.idea.ConsoleApp2" value="true" />
        <entry key="$USER_HOME$/SKN/Test-Projects/ConsoleApp3" value="true" />
        <entry key="$USER_HOME$/SKN/Test-Projects/ConsoleApp3/.idea/.idea.ConsoleApp3" value="true" />
        <entry key="$USER_HOME$/SKN/Test-Projects/ConsoleApp4" value="true" />
        <entry key="$USER_HOME$/SKN/Test-Projects/ConsoleApp5" value="true" />
        <entry key="$USER_HOME$/SKN/Test-Projects/ConsoleApp6" value="true" />
        <entry key="$USER_HOME$/SKN/Test-Projects/ConsoleApp6/.idea/.idea.ConsoleApp6" value="true" />
        <entry key="$USER_HOME$/SKN/Test-Projects/ConsoleApp7" value="true" />
        <entry key="$USER_HOME$/SKN/Test-Projects/ConsoleApp7/.idea/.idea.ConsoleApp7" value="true" />
        <entry key="$USER_HOME$/SKN/Test-Projects/ConsoleApplication1" value="true" />
        <entry key="$USER_HOME$/SKN/Test-Projects/skn-cs-project" value="true" />
        <entry key="$USER_HOME$/SKN/fg/sup-interface" value="true" />
      </map>
    </option>
  </component>
</application>