<application>
  <component name="DimensionService">
    <size key="GridCell.Tab.0.left.0.0.1920.1080" width="1838" height="897" />
    <size key="GridCell.Tab.0.center.0.0.1920.1080" width="1838" height="897" />
    <size key="GridCell.Tab.0.right.0.0.1920.1080" width="1838" height="897" />
    <size key="GridCell.Tab.0.bottom.0.0.1920.1080" width="1838" height="897" />
    <size key="GridCell.Tab.1.left.0.0.1920.1080" width="1838" height="898" />
    <size key="GridCell.Tab.1.center.0.0.1920.1080" width="1838" height="898" />
    <size key="GridCell.Tab.1.right.0.0.1920.1080" width="1838" height="898" />
    <size key="GridCell.Tab.1.bottom.0.0.1920.1080" width="1838" height="898" />
    <size key="GridCell.Tab.2.left.0.0.1920.1080" width="1838" height="898" />
    <size key="GridCell.Tab.2.center.0.0.1920.1080" width="1838" height="898" />
    <size key="GridCell.Tab.2.right.0.0.1920.1080" width="1838" height="898" />
    <size key="GridCell.Tab.2.bottom.0.0.1920.1080" width="1838" height="898" />
    <size key="GridCell.Tab.3.left.0.0.1920.1080" width="1838" height="898" />
    <size key="GridCell.Tab.3.center.0.0.1920.1080" width="1838" height="898" />
    <size key="GridCell.Tab.3.right.0.0.1920.1080" width="1838" height="898" />
    <size key="GridCell.Tab.3.bottom.0.0.1920.1080" width="1838" height="898" />
    <size key="GridCell.Tab.4.left.0.0.1920.1080" width="1838" height="898" />
    <size key="GridCell.Tab.4.center.0.0.1920.1080" width="1838" height="898" />
    <size key="GridCell.Tab.4.right.0.0.1920.1080" width="1838" height="898" />
    <size key="GridCell.Tab.4.bottom.0.0.1920.1080" width="1838" height="898" />
    <size key="GridCell.Tab.5.left.0.0.1920.1080" width="1838" height="898" />
    <size key="GridCell.Tab.5.center.0.0.1920.1080" width="1838" height="898" />
    <size key="GridCell.Tab.5.right.0.0.1920.1080" width="1838" height="898" />
    <size key="GridCell.Tab.5.bottom.0.0.1920.1080" width="1838" height="898" />
  </component>
  <component name="WindowManager">
    <frame x="0" y="30" width="1920" height="1050" extendedState="6" />
  </component>
  <component name="WindowStateApplicationService">
    <state x="681" y="389" width="566" height="367" key="#com.intellij.ide.actions.ChooseComponentsToExportDialog" timestamp="1724265541159">
      <screen x="0" y="30" width="1920" height="1050" />
    </state>
    <state x="681" y="389" width="566" height="367" key="#com.intellij.ide.actions.ChooseComponentsToExportDialog/0.30.1920.1050" timestamp="1724265541159" />
    <state x="580" y="295" width="750" height="531" key="APPLICATION_WIDE_STORE_#rider.projectView.actions.properties.EditPropertiesDialogProject" timestamp="1722289028006">
      <screen x="0" y="30" width="1920" height="1050" />
    </state>
    <state x="580" y="295" width="750" height="531" key="APPLICATION_WIDE_STORE_#rider.projectView.actions.properties.EditPropertiesDialogProject/0.30.1920.1050" timestamp="1722289028006" />
    <state x="740" y="304" width="457" height="526" key="FileChooserDialogImpl" timestamp="1724312380169">
      <screen x="0" y="30" width="1920" height="1050" />
    </state>
    <state x="740" y="304" width="457" height="526" key="FileChooserDialogImpl/0.30.1920.1050" timestamp="1724312380169" />
    <state x="960" y="555" width="1920" height="1050" key="WELCOME_SCREEN" timestamp="1724317656140">
      <screen x="0" y="30" width="1920" height="1050" />
    </state>
    <state x="960" y="555" width="1920" height="1050" key="WELCOME_SCREEN/0.30.1920.1050" timestamp="1724317656140" />
  </component>
</application>