<application>
  <component name="DimensionService">
    <size key="GridCell.Tab.0.left.0.0.1920.1080" width="1838" height="897" />
    <size key="GridCell.Tab.0.center.0.0.1920.1080" width="1838" height="897" />
    <size key="GridCell.Tab.0.right.0.0.1920.1080" width="1838" height="897" />
    <size key="GridCell.Tab.0.bottom.0.0.1920.1080" width="1838" height="897" />
  </component>
  <component name="WindowManager">
    <frame x="0" y="30" width="1920" height="1050" extendedState="6" />
  </component>
  <component name="WindowStateApplicationService">
    <state x="681" y="389" width="557" height="343" key="#com.intellij.ide.actions.ChooseComponentsToExportDialog" timestamp="1730556905058">
      <screen x="0" y="30" width="1920" height="1050" />
    </state>
    <state x="681" y="389" width="557" height="343" key="#com.intellij.ide.actions.ChooseComponentsToExportDialog/0.30.1920.1050" timestamp="1730556905058" />
    <state x="680" y="415" width="550" height="291" key="APPLICATION_WIDE_STORE_#rider.projectView.actions.properties.EditPropertiesDialogFolder" timestamp="1730149615979">
      <screen x="0" y="30" width="1920" height="1050" />
    </state>
    <state x="680" y="415" width="550" height="291" key="APPLICATION_WIDE_STORE_#rider.projectView.actions.properties.EditPropertiesDialogFolder/0.30.1920.1050" timestamp="1730149615979" />
    <state x="740" y="304" width="516" height="526" key="FileChooserDialogImpl" timestamp="1732997467369">
      <screen x="0" y="30" width="1920" height="1050" />
    </state>
    <state x="740" y="304" width="516" height="526" key="FileChooserDialogImpl/0.30.1920.1050" timestamp="1732997467369" />
    <state x="960" y="555" width="1920" height="1050" key="WELCOME_SCREEN" timestamp="1733519952335">
      <screen x="0" y="30" width="1920" height="1050" />
    </state>
    <state x="960" y="555" width="1920" height="1050" key="WELCOME_SCREEN/0.30.1920.1050" timestamp="1733519952335" />
  </component>
</application>