<application>
  <component name="ProjectManager">
    <defaultProject>
      <component name="AutoImportSettings">
        <option name="autoReloadType" value="SELECTIVE" />
      </component>
      <component name="BunSettings">
        <option name="bunPath" value="/home/linuxbrew/.linuxbrew/bin/bun" />
      </component>
      <component name="FormatOnSaveOptions">
        <option name="myRunOnSave" value="true" />
      </component>
      <component name="InspectionProjectProfileManager">
        <profile version="1.0">
          <option name="myName" value="Project Default" />
        </profile>
        <version value="1.0" />
      </component>
      <component name="KubernetesApiProvider">{}</component>
      <component name="MaterialThemeProjectNewConfig">
        <option name="metadata">
          <MTProjectMetadataState>
            <option name="migrated" value="true" />
            <option name="pristineConfig" value="false" />
            <option name="userId" value="-52d93cb:19151f855c4:-7ffa" />
          </MTProjectMetadataState>
        </option>
      </component>
      <component name="PrettierConfiguration">
        <option name="myConfigurationMode" value="MANUAL" />
        <option name="myRunOnSave" value="true" />
        <option name="myRunOnReformat" value="true" />
        <option name="myFilesPattern" value="**/*.{js,jsx,cjs,mjs,ts,tsx,cts,mts,html,css,scss,sass,json,yaml,md,mdx,graphql,graphqls,gql,vue,astro}" />
      </component>
      <component name="ProjectViewState">
        <option name="autoscrollFromSource" value="true" />
        <option name="autoscrollToSource" value="true" />
        <option name="hideEmptyMiddlePackages" value="true" />
        <option name="openDirectoriesWithSingleClick" value="true" />
        <option name="showLibraryContents" value="true" />
      </component>
      <component name="PropertiesComponent"><![CDATA[{
  "keyToString": {
    "last_opened_file_path": "/home/logno-atoshi/.bun/install/global/node_modules/prettier",
    "node.js.selected.package.eslint": "(autodetect)",
    "nodejs_interpreter_path": "/home/linuxbrew/.linuxbrew/bin/node",
    "nodejs_package_manager_path": "npm",
    "prettierjs.PrettierConfiguration.Package": "/home/logno-atoshi/.bun/install/global/node_modules/prettier",
    "settings.editor.selected.configurable": "preferences.pluginManager"
  }
}]]></component>
      <component name="VcsDirectoryMappings" defaultProject="true" />
      <component name="WindowStateProjectService">
        <state x="752" y="318" width="424" height="498" key="FileChooserDialogImpl" timestamp="1723734091471">
          <screen x="0" y="30" width="1920" height="1050" />
        </state>
        <state x="752" y="318" width="424" height="498" key="FileChooserDialogImpl/0.30.1920.1050" timestamp="1723734091471" />
        <state x="226" y="74" width="1486" height="975" key="SettingsEditor" timestamp="1724318185084">
          <screen x="0" y="30" width="1920" height="1050" />
        </state>
        <state x="226" y="74" width="1486" height="975" key="SettingsEditor/0.30.1920.1050" timestamp="1724318185084" />
        <state x="689" y="372" width="550" height="391" key="jetbrains.nodejs.interpreters-dialog" timestamp="1723734144221">
          <screen x="0" y="30" width="1920" height="1050" />
        </state>
        <state x="689" y="372" width="550" height="391" key="jetbrains.nodejs.interpreters-dialog/0.30.1920.1050" timestamp="1723734144221" />
      </component>
    </defaultProject>
  </component>
</application>