<application>
  <component name="DimensionService">
    <size key="GridCell.Tab.0.left.0.0.1920.1080" width="1838" height="896" />
    <size key="GridCell.Tab.0.center.0.0.1920.1080" width="1838" height="896" />
    <size key="GridCell.Tab.0.right.0.0.1920.1080" width="1838" height="896" />
    <size key="GridCell.Tab.0.bottom.0.0.1920.1080" width="1838" height="896" />
  </component>
  <component name="WindowManager">
    <frame x="0" y="30" width="1920" height="1050" extendedState="6" />
  </component>
  <component name="WindowStateApplicationService">
    <state x="555" y="240" width="800" height="642" key="#com.intellij.openapi.updateSettings.impl.PluginUpdateInfoDialog" timestamp="1725817945560">
      <screen x="0" y="30" width="1920" height="1050" />
    </state>
    <state x="555" y="240" width="800" height="642" key="#com.intellij.openapi.updateSettings.impl.PluginUpdateInfoDialog/0.30.1920.1050" timestamp="1725817945560" />
    <state x="743" y="312" width="424" height="498" key="FileChooserDialogImpl" timestamp="1724513498945">
      <screen x="0" y="30" width="1920" height="1050" />
    </state>
    <state x="743" y="312" width="424" height="498" key="FileChooserDialogImpl/0.30.1920.1050" timestamp="1724513498945" />
    <state x="960" y="555" width="1920" height="1050" key="WELCOME_SCREEN" timestamp="1725823409252">
      <screen x="0" y="30" width="1920" height="1050" />
    </state>
    <state x="960" y="555" width="1920" height="1050" key="WELCOME_SCREEN/0.30.1920.1050" timestamp="1725823409252" />
  </component>
</application>