<application>
  <component name="WindowManager">
    <frame x="0" y="30" width="1920" height="1050" extendedState="6" />
  </component>
  <component name="WindowStateApplicationService">
    <state x="743" y="312" width="424" height="498" key="FileChooserDialogImpl" timestamp="1723736019413">
      <screen x="0" y="30" width="1920" height="1050" />
    </state>
    <state x="743" y="312" width="424" height="498" key="FileChooserDialogImpl/0.30.1920.1050" timestamp="1723736019413" />
    <state x="960" y="555" width="1920" height="1050" key="WELCOME_SCREEN" timestamp="1724318189891">
      <screen x="0" y="30" width="1920" height="1050" />
    </state>
    <state x="960" y="555" width="1920" height="1050" key="WELCOME_SCREEN/0.30.1920.1050" timestamp="1724318189891" />
  </component>
</application>