<application>
  <component name="GitHubActionCache">
    <option name="actions">
      <map>
        <entry key="actions-rust-lang/setup-rust-toolchain@v1">
          <value>
            <GitHubAction>
              <option name="action" value="true" />
              <option name="metaData">
                <map>
                  <entry key="downloadUrl" value="https://raw.githubusercontent.com/actions-rust-lang/setup-rust-toolchain/v1/action.yml" />
                  <entry key="expiryTime" value="1728151642087" />
                  <entry key="githubUrl" value="https://github.com/actions-rust-lang/setup-rust-toolchain/tree/v1#readme" />
                  <entry key="ignoredInputs" value="" />
                  <entry key="ignoredOutputs" value="" />
                  <entry key="isAction" value="true" />
                  <entry key="isLocal" value="false" />
                  <entry key="isSuppressed" value="false" />
                  <entry key="name" value="actions-rust-lang/setup-rust-toolchain" />
                  <entry key="usesValue" value="actions-rust-lang/setup-rust-toolchain@v1" />
                </map>
              </option>
            </GitHubAction>
          </value>
        </entry>
        <entry key="actions/checkout@v4">
          <value>
            <GitHubAction>
              <option name="action" value="true" />
              <option name="inputs">
                <map>
                  <entry key="clean" value="r[false] def[true] Whether to execute `git clean -ffdx &amp;&amp; git reset --hard HEAD` before fetching" />
                  <entry key="fetch-depth" value="r[false] def[1] Number of commits to fetch. 0 indicates all history for all branches and tags." />
                  <entry key="fetch-tags" value="r[false] def[false] Whether to fetch tags, even if fetch-depth &gt; 0." />
                  <entry key="filter" value="r[false] def[null]" />
                  <entry key="github-server-url" value="r[false]  The base URL for the GitHub instance that you are trying to clone from, will use environment defaults to fetch from the same instance that the workflow is running from unless specified. Example URLs are https://github.com or https://my-ghes-server.example.com" />
                  <entry key="lfs" value="r[false] def[false] Whether to download Git-LFS files" />
                  <entry key="path" value="r[false]  Relative path under $GITHUB_WORKSPACE to place the repository" />
                  <entry key="persist-credentials" value="r[false] def[true] Whether to configure the token or SSH key with the local git config" />
                  <entry key="ref" value="r[false] " />
                  <entry key="repository" value="r[false] def[${{ github.repository }}] Repository name with owner. For example, actions/checkout" />
                  <entry key="set-safe-directory" value="r[false] def[true] Add repository path as safe.directory for Git global config by running `git config --global --add safe.directory &lt;path&gt;`" />
                  <entry key="show-progress" value="r[false] def[true] Whether to show progress status output when fetching." />
                  <entry key="sparse-checkout" value="r[false] def[null]" />
                  <entry key="sparse-checkout-cone-mode" value="r[false] def[true]" />
                  <entry key="ssh-key" value="r[false] " />
                  <entry key="ssh-known-hosts" value="r[false] " />
                  <entry key="ssh-strict" value="r[false] def[true]" />
                  <entry key="ssh-user" value="r[false] def[git]" />
                  <entry key="submodules" value="r[false] def[false]" />
                  <entry key="token" value="r[false] def[${{ github.token }}]" />
                </map>
              </option>
              <option name="metaData">
                <map>
                  <entry key="downloadUrl" value="https://raw.githubusercontent.com/actions/checkout/v4/action.yml" />
                  <entry key="expiryTime" value="1728151642087" />
                  <entry key="githubUrl" value="https://github.com/actions/checkout/tree/v4#readme" />
                  <entry key="ignoredInputs" value="" />
                  <entry key="ignoredOutputs" value="" />
                  <entry key="isAction" value="true" />
                  <entry key="isLocal" value="false" />
                  <entry key="isResolved" value="true" />
                  <entry key="isSuppressed" value="false" />
                  <entry key="name" value="actions/checkout" />
                  <entry key="usesValue" value="actions/checkout@v4" />
                </map>
              </option>
            </GitHubAction>
          </value>
        </entry>
        <entry key="actions/setup-java@v4">
          <value>
            <GitHubAction>
              <option name="action" value="true" />
              <option name="inputs">
                <map>
                  <entry key="architecture" value="r[false]  The architecture of the package (defaults to the action runner's architecture)" />
                  <entry key="cache" value="r[false]  Name of the build platform to cache dependencies. It can be &quot;maven&quot;, &quot;gradle&quot; or &quot;sbt&quot;." />
                  <entry key="cache-dependency-path" value="r[false]  The path to a dependency file: pom.xml, build.gradle, build.sbt, etc. This option can be used with the `cache` option. If this option is omitted, the action searches for the dependency file in the entire repository. This option supports wildcards and a list of file names for caching multiple dependencies." />
                  <entry key="check-latest" value="r[false] def[false] Set this option if you want the action to check for the latest available version that satisfies the version spec" />
                  <entry key="distribution" value="r[true]  Java distribution. See the list of supported distributions in README file" />
                  <entry key="gpg-passphrase" value="r[false]  Environment variable name for the GPG private key passphrase. Default is&#10;       $GPG_PASSPHRASE." />
                  <entry key="gpg-private-key" value="r[false]  GPG private key to import. Default is empty string." />
                  <entry key="java-package" value="r[false] def[jdk] The package type (jdk, jre, jdk+fx, jre+fx)" />
                  <entry key="java-version" value="r[false]  The Java version to set up. Takes a whole or semver Java version. See examples of supported syntax in README file" />
                  <entry key="java-version-file" value="r[false]  The path to the `.java-version` file. See examples of supported syntax in README file" />
                  <entry key="jdkFile" value="r[false]  Path to where the compressed JDK is located" />
                  <entry key="job-status" value="r[false] def[${{ job.status }}] Workaround to pass job status to post job step. This variable is not intended for manual setting" />
                  <entry key="mvn-toolchain-id" value="r[false]  Name of Maven Toolchain ID if the default name of &quot;${distribution}_${java-version}&quot; is not wanted. See examples of supported syntax in Advanced Usage file" />
                  <entry key="mvn-toolchain-vendor" value="r[false]  Name of Maven Toolchain Vendor if the default name of &quot;${distribution}&quot; is not wanted. See examples of supported syntax in Advanced Usage file" />
                  <entry key="overwrite-settings" value="r[false] def[true] Overwrite the settings.xml file if it exists. Default is &quot;true&quot;." />
                  <entry key="server-id" value="r[false] def[github] ID of the distributionManagement repository in the pom.xml&#10;       file. Default is `github`" />
                  <entry key="server-password" value="r[false] def[GITHUB_TOKEN] Environment variable name for password or token for&#10;       authentication to the Apache Maven repository. Default is $GITHUB_TOKEN" />
                  <entry key="server-username" value="r[false] def[GITHUB_ACTOR] Environment variable name for the username for authentication&#10;       to the Apache Maven repository. Default is $GITHUB_ACTOR" />
                  <entry key="settings-path" value="r[false]  Path to where the settings.xml file will be written. Default is ~/.m2." />
                  <entry key="token" value="r[false] def[${{ github.server_url == 'https://github.com' &amp;&amp; github.token || '' }}] The token used to authenticate when fetching version manifests hosted on github.com, such as for the Microsoft Build of OpenJDK. When running this action on github.com, the default value is sufficient. When running on GHES, you can pass a personal access token for github.com if you are experiencing rate limiting." />
                </map>
              </option>
              <option name="metaData">
                <map>
                  <entry key="downloadUrl" value="https://raw.githubusercontent.com/actions/setup-java/v4/action.yml" />
                  <entry key="expiryTime" value="1728217793496" />
                  <entry key="githubUrl" value="https://github.com/actions/setup-java/tree/v4#readme" />
                  <entry key="isAction" value="true" />
                  <entry key="isLocal" value="false" />
                  <entry key="isResolved" value="true" />
                  <entry key="isSuppressed" value="false" />
                  <entry key="name" value="actions/setup-java" />
                  <entry key="usesValue" value="actions/setup-java@v4" />
                </map>
              </option>
              <option name="outputs">
                <map>
                  <entry key="cache-hit" value=" A boolean value to indicate an exact match was found for the primary key" />
                  <entry key="distribution" value=" Distribution of Java that has been installed" />
                  <entry key="path" value=" Path to where the java environment has been installed (same as $JAVA_HOME)" />
                  <entry key="version" value=" Actual version of the java environment that has been installed" />
                </map>
              </option>
            </GitHubAction>
          </value>
        </entry>
        <entry key="arduino/setup-task@v1">
          <value>
            <GitHubAction>
              <option name="action" value="true" />
              <option name="inputs">
                <map>
                  <entry key="repo-token" value="r[false]  Token with permissions to do repo things" />
                  <entry key="version" value="r[true] def[3.x] Version to use. Example: 3.4.2" />
                </map>
              </option>
              <option name="metaData">
                <map>
                  <entry key="downloadUrl" value="https://raw.githubusercontent.com/arduino/setup-task/v1/action.yml" />
                  <entry key="expiryTime" value="1728151642078" />
                  <entry key="githubUrl" value="https://github.com/arduino/setup-task/tree/v1#readme" />
                  <entry key="ignoredInputs" value="" />
                  <entry key="ignoredOutputs" value="" />
                  <entry key="isAction" value="true" />
                  <entry key="isLocal" value="false" />
                  <entry key="isResolved" value="true" />
                  <entry key="isSuppressed" value="false" />
                  <entry key="name" value="arduino/setup-task" />
                  <entry key="usesValue" value="arduino/setup-task@v1" />
                </map>
              </option>
            </GitHubAction>
          </value>
        </entry>
        <entry key="gradle/actions/setup-gradle@v">
          <value>
            <GitHubAction>
              <option name="action" value="true" />
              <option name="metaData">
                <map>
                  <entry key="downloadUrl" value="https://raw.githubusercontent.com/gradle/actions/v/setup-gradle/action.yml" />
                  <entry key="expiryTime" value="1728218404056" />
                  <entry key="githubUrl" value="https://github.com/gradle/actions/tree/v/setup-gradle#readme" />
                  <entry key="isAction" value="true" />
                  <entry key="isLocal" value="false" />
                  <entry key="isSuppressed" value="false" />
                  <entry key="name" value="gradle/actions" />
                  <entry key="usesValue" value="gradle/actions/setup-gradle@v" />
                </map>
              </option>
            </GitHubAction>
          </value>
        </entry>
        <entry key="gradle/actions/setup-gradle@v3">
          <value>
            <GitHubAction>
              <option name="action" value="true" />
              <option name="inputs">
                <map>
                  <entry key="add-job-summary" value="r[false] def[always] Specifies when a Job Summary should be inluded in the action results. Valid values are 'never', 'always' (default), and 'on-failure'." />
                  <entry key="add-job-summary-as-pr-comment" value="r[false] def[never] Specifies when each Job Summary should be added as a PR comment. Valid values are 'never' (default), 'always', and 'on-failure'. No action will be taken if the workflow was not triggered from a pull request." />
                  <entry key="arguments" value="r[false]  Gradle command line arguments (supports multi-line input)" />
                  <entry key="artifact-retention-days" value="r[false]  Specifies the number of days to retain any artifacts generated by the action. If not set, the default retention settings for the repository will apply." />
                  <entry key="build-root-directory" value="r[false]  Path to the root directory of the build. Default is the root of the GitHub workspace." />
                  <entry key="build-scan-publish" value="r[false] def[false]" />
                  <entry key="build-scan-terms-of-service-agree" value="r[false]  Indicate that you agree to the Build Scan® terms of use. This input value must be &quot;yes&quot;." />
                  <entry key="build-scan-terms-of-service-url" value="r[false]  The URL to the Build Scan® terms of use. This input must be set to 'https://gradle.com/terms-of-service'." />
                  <entry key="build-scan-terms-of-use-agree" value="r[false]  Indicate that you agree to the Build Scan® terms of use. This input value must be &quot;yes&quot;." />
                  <entry key="build-scan-terms-of-use-url" value="r[false]  The URL to the Build Scan® terms of use. This input must be set to 'https://gradle.com/terms-of-service' or 'https://gradle.com/help/legal-terms-of-use'." />
                  <entry key="cache-disabled" value="r[false] def[false] When 'true', all caching is disabled. No entries will be written to or read from the cache." />
                  <entry key="cache-encryption-key" value="r[false] " />
                  <entry key="cache-overwrite-existing" value="r[false] def[false] When 'true', a pre-existing Gradle User Home will not prevent the cache from being restored." />
                  <entry key="cache-read-only" value="r[false] def[${{ github.event.repository != null &amp;&amp; github.ref_name != github.event.repository.default_branch }}]" />
                  <entry key="cache-write-only" value="r[false] def[false]" />
                  <entry key="dependency-graph" value="r[false] def[disabled]" />
                  <entry key="dependency-graph-continue-on-failure" value="r[false] def[true] When 'false' a failure to generate or submit a dependency graph will fail the Step or Job. When 'true' a warning will be emitted but no failure will result." />
                  <entry key="develocity-access-key" value="r[false]  Develocity access key. Should be set to a secret containing the Develocity Access key." />
                  <entry key="develocity-allow-untrusted-server" value="r[false]  Allow communication with an untrusted server; set to _true_ if your Develocity instance is using a self-signed." />
                  <entry key="develocity-capture-file-fingerprints" value="r[false]  Enables capturing the paths and content hashes of each individual input file." />
                  <entry key="develocity-ccud-plugin-version" value="r[false]  The version of the Common Custom User Data Gradle plugin to apply, if any." />
                  <entry key="develocity-enforce-url" value="r[false]  Enforce the configured Develocity URL over a URL configured in the project's build; set to _true_ to enforce publication of build scans to the configured Develocity URL." />
                  <entry key="develocity-injection-enabled" value="r[false]  Enables Develocity injection." />
                  <entry key="develocity-plugin-version" value="r[false]  The version of the Develocity Gradle plugin to apply." />
                  <entry key="develocity-token-expiry" value="r[false]  The Develocity short-lived access tokens expiry in hours. Default is 2 hours." />
                  <entry key="develocity-url" value="r[false]  The URL for the Develocity server." />
                  <entry key="generate-job-summary" value="r[false] def[true] When 'false', no Job Summary will be generated for the Job." />
                  <entry key="github-token" value="r[false] def[${{ github.token }}] The GitHub token used to authenticate when submitting via the Dependency Submission API." />
                  <entry key="gradle-home-cache-cleanup" value="r[false] def[false] When 'true', the action will attempt to remove any stale/unused entries from the Gradle User Home prior to saving to the GitHub Actions cache." />
                  <entry key="gradle-home-cache-excludes" value="r[false]  Paths within Gradle User Home to exclude from cache." />
                  <entry key="gradle-home-cache-includes" value="r[false]  Paths within Gradle User Home to cache." />
                  <entry key="gradle-home-cache-strict-match" value="r[false] def[false] When 'true', the action will not attempt to restore the Gradle User Home entries from other Jobs." />
                  <entry key="gradle-plugin-repository-password" value="r[false]  The password for the repository URL to use when resolving the Develocity and CCUD plugins; Consider using secrets to pass the value to this variable." />
                  <entry key="gradle-plugin-repository-url" value="r[false]  The URL of the repository to use when resolving the Develocity and CCUD plugins; the Gradle Plugin Portal is used by default." />
                  <entry key="gradle-plugin-repository-username" value="r[false]  The username for the repository URL to use when resolving the Develocity and CCUD." />
                  <entry key="gradle-version" value="r[false] " />
                  <entry key="validate-wrappers" value="r[false] def[false]" />
                  <entry key="workflow-job-context" value="r[false] def[${{ toJSON(matrix) }}] Used to uniquely identify the current job invocation. Defaults to the matrix values for this job; this should not be overridden by users (INTERNAL)." />
                </map>
              </option>
              <option name="metaData">
                <map>
                  <entry key="downloadUrl" value="https://raw.githubusercontent.com/gradle/actions/v3/setup-gradle/action.yml" />
                  <entry key="expiryTime" value="1728217793500" />
                  <entry key="githubUrl" value="https://github.com/gradle/actions/tree/v3/setup-gradle#readme" />
                  <entry key="isAction" value="true" />
                  <entry key="isLocal" value="false" />
                  <entry key="isResolved" value="true" />
                  <entry key="isSuppressed" value="false" />
                  <entry key="name" value="gradle/actions" />
                  <entry key="usesValue" value="gradle/actions/setup-gradle@v3" />
                </map>
              </option>
              <option name="outputs">
                <map>
                  <entry key="build-scan-url" value=" Link to the Build Scan® generated by a Gradle build. Note that this output applies to a Step executing Gradle, not to the `setup-gradle` Step itself." />
                  <entry key="dependency-graph-file" value=" Path to the GitHub Dependency Graph snapshot file generated by a Gradle build. Note that this output applies to a Step executing Gradle, not to the `setup-gradle` Step itself." />
                  <entry key="gradle-version" value=" Version of Gradle that was setup by the action" />
                </map>
              </option>
            </GitHubAction>
          </value>
        </entry>
        <entry key="gradle/actions/setup-gradle@v4">
          <value>
            <GitHubAction>
              <option name="action" value="true" />
              <option name="inputs">
                <map>
                  <entry key="add-job-summary" value="r[false] def[always] Specifies when a Job Summary should be inluded in the action results. Valid values are 'never', 'always' (default), and 'on-failure'." />
                  <entry key="add-job-summary-as-pr-comment" value="r[false] def[never] Specifies when each Job Summary should be added as a PR comment. Valid values are 'never' (default), 'always', and 'on-failure'. No action will be taken if the workflow was not triggered from a pull request." />
                  <entry key="allow-snapshot-wrappers" value="r[false] def[false]" />
                  <entry key="arguments" value="r[false]  Gradle command line arguments (supports multi-line input)" />
                  <entry key="artifact-retention-days" value="r[false]  Specifies the number of days to retain any artifacts generated by the action. If not set, the default retention settings for the repository will apply." />
                  <entry key="build-scan-publish" value="r[false] def[false]" />
                  <entry key="build-scan-terms-of-use-agree" value="r[false]  Indicate that you agree to the Build Scan® terms of use. This input value must be &quot;yes&quot;." />
                  <entry key="build-scan-terms-of-use-url" value="r[false]  The URL to the Build Scan® terms of use. This input must be set to 'https://gradle.com/terms-of-service' or 'https://gradle.com/help/legal-terms-of-use'." />
                  <entry key="cache-cleanup" value="r[false] def[on-success]" />
                  <entry key="cache-disabled" value="r[false] def[false] When 'true', all caching is disabled. No entries will be written to or read from the cache." />
                  <entry key="cache-encryption-key" value="r[false] " />
                  <entry key="cache-overwrite-existing" value="r[false] def[false] When 'true', a pre-existing Gradle User Home will not prevent the cache from being restored." />
                  <entry key="cache-read-only" value="r[false] def[${{ github.event.repository != null &amp;&amp; github.ref_name != github.event.repository.default_branch }}]" />
                  <entry key="cache-write-only" value="r[false] def[false]" />
                  <entry key="dependency-graph" value="r[false] def[disabled]" />
                  <entry key="dependency-graph-continue-on-failure" value="r[false] def[true] When 'false' a failure to generate or submit a dependency graph will fail the Step or Job. When 'true' a warning will be emitted but no failure will result." />
                  <entry key="dependency-graph-exclude-configurations" value="r[false] " />
                  <entry key="dependency-graph-exclude-projects" value="r[false] " />
                  <entry key="dependency-graph-include-configurations" value="r[false] " />
                  <entry key="dependency-graph-include-projects" value="r[false] " />
                  <entry key="dependency-graph-report-dir" value="r[false] def[dependency-graph-reports]" />
                  <entry key="develocity-access-key" value="r[false]  Develocity access key. Should be set to a secret containing the Develocity Access key." />
                  <entry key="develocity-allow-untrusted-server" value="r[false]  Allow communication with an untrusted server; set to _true_ if your Develocity instance is using a self-signed." />
                  <entry key="develocity-capture-file-fingerprints" value="r[false]  Enables capturing the paths and content hashes of each individual input file." />
                  <entry key="develocity-ccud-plugin-version" value="r[false]  The version of the Common Custom User Data Gradle plugin to apply, if any." />
                  <entry key="develocity-enforce-url" value="r[false]  Enforce the configured Develocity URL over a URL configured in the project's build; set to _true_ to enforce publication of build scans to the configured Develocity URL." />
                  <entry key="develocity-injection-enabled" value="r[false]  Enables Develocity injection." />
                  <entry key="develocity-plugin-version" value="r[false]  The version of the Develocity Gradle plugin to apply." />
                  <entry key="develocity-token-expiry" value="r[false]  The Develocity short-lived access tokens expiry in hours. Default is 2 hours." />
                  <entry key="develocity-url" value="r[false]  The URL for the Develocity server." />
                  <entry key="github-token" value="r[false] def[${{ github.token }}] The GitHub token used to authenticate when submitting via the Dependency Submission API." />
                  <entry key="gradle-home-cache-cleanup" value="r[false]  When 'true', the action will attempt to remove any stale/unused entries from the Gradle User Home prior to saving to the GitHub Actions cache." />
                  <entry key="gradle-home-cache-excludes" value="r[false]  Paths within Gradle User Home to exclude from cache." />
                  <entry key="gradle-home-cache-includes" value="r[false]  Paths within Gradle User Home to cache." />
                  <entry key="gradle-home-cache-strict-match" value="r[false] def[false] When 'true', the action will not attempt to restore the Gradle User Home entries from other Jobs." />
                  <entry key="gradle-plugin-repository-password" value="r[false]  The password for the repository URL to use when resolving the Develocity and CCUD plugins; Consider using secrets to pass the value to this variable." />
                  <entry key="gradle-plugin-repository-url" value="r[false]  The URL of the repository to use when resolving the Develocity and CCUD plugins; the Gradle Plugin Portal is used by default." />
                  <entry key="gradle-plugin-repository-username" value="r[false]  The username for the repository URL to use when resolving the Develocity and CCUD." />
                  <entry key="gradle-version" value="r[false] " />
                  <entry key="validate-wrappers" value="r[false] def[true]" />
                  <entry key="workflow-job-context" value="r[false] def[${{ toJSON(matrix) }}] Used to uniquely identify the current job invocation. Defaults to the matrix values for this job; this should not be overridden by users (INTERNAL)." />
                </map>
              </option>
              <option name="metaData">
                <map>
                  <entry key="downloadUrl" value="https://raw.githubusercontent.com/gradle/actions/v4/setup-gradle/action.yml" />
                  <entry key="expiryTime" value="1728218405109" />
                  <entry key="githubUrl" value="https://github.com/gradle/actions/tree/v4/setup-gradle#readme" />
                  <entry key="isAction" value="true" />
                  <entry key="isLocal" value="false" />
                  <entry key="isResolved" value="true" />
                  <entry key="isSuppressed" value="false" />
                  <entry key="name" value="gradle/actions" />
                  <entry key="usesValue" value="gradle/actions/setup-gradle@v4" />
                </map>
              </option>
              <option name="outputs">
                <map>
                  <entry key="build-scan-url" value=" Link to the Build Scan® generated by a Gradle build. Note that this output applies to a Step executing Gradle, not to the `setup-gradle` Step itself." />
                  <entry key="dependency-graph-file" value=" Path to the GitHub Dependency Graph snapshot file generated by a Gradle build. Note that this output applies to a Step executing Gradle, not to the `setup-gradle` Step itself." />
                  <entry key="gradle-version" value=" Version of Gradle that was setup by the action" />
                </map>
              </option>
            </GitHubAction>
          </value>
        </entry>
        <entry key="oven-sh/setup-bun@v1">
          <value>
            <GitHubAction>
              <option name="action" value="true" />
              <option name="metaData">
                <map>
                  <entry key="downloadUrl" value="https://raw.githubusercontent.com/oven-sh/setup-bun/v1/action.yml" />
                  <entry key="expiryTime" value="1728233977229" />
                  <entry key="githubUrl" value="https://github.com/oven-sh/setup-bun/tree/v1#readme" />
                  <entry key="ignoredInputs" value="" />
                  <entry key="ignoredOutputs" value="" />
                  <entry key="isAction" value="true" />
                  <entry key="isLocal" value="false" />
                  <entry key="isSuppressed" value="false" />
                  <entry key="name" value="oven-sh/setup-bun" />
                  <entry key="usesValue" value="oven-sh/setup-bun@v1" />
                </map>
              </option>
            </GitHubAction>
          </value>
        </entry>
      </map>
    </option>
  </component>
</application>