<application>
  <component name="GitHubActionCache">
    <option name="actions">
      <map>
        <entry key="actions-rust-lang/setup-rust-toolchain@v1">
          <value>
            <GitHubAction>
              <option name="action" value="true" />
              <option name="metaData">
                <map>
                  <entry key="downloadUrl" value="https://raw.githubusercontent.com/actions-rust-lang/setup-rust-toolchain/v1/action.yml" />
                  <entry key="expiryTime" value="1731319810046" />
                  <entry key="githubUrl" value="https://github.com/actions-rust-lang/setup-rust-toolchain/tree/v1#readme" />
                  <entry key="ignoredInputs" value="" />
                  <entry key="ignoredOutputs" value="" />
                  <entry key="isAction" value="true" />
                  <entry key="isLocal" value="false" />
                  <entry key="isSuppressed" value="false" />
                  <entry key="name" value="actions-rust-lang/setup-rust-toolchain" />
                  <entry key="usesValue" value="actions-rust-lang/setup-rust-toolchain@v1" />
                </map>
              </option>
            </GitHubAction>
          </value>
        </entry>
        <entry key="actions/checkout@v4">
          <value>
            <GitHubAction>
              <option name="action" value="true" />
              <option name="metaData">
                <map>
                  <entry key="downloadUrl" value="https://raw.githubusercontent.com/actions/checkout/v4/action.yml" />
                  <entry key="expiryTime" value="1731319810046" />
                  <entry key="githubUrl" value="https://github.com/actions/checkout/tree/v4#readme" />
                  <entry key="ignoredInputs" value="" />
                  <entry key="ignoredOutputs" value="" />
                  <entry key="isAction" value="true" />
                  <entry key="isLocal" value="false" />
                  <entry key="isSuppressed" value="false" />
                  <entry key="name" value="actions/checkout" />
                  <entry key="usesValue" value="actions/checkout@v4" />
                </map>
              </option>
            </GitHubAction>
          </value>
        </entry>
        <entry key="actions/setup-java@v4">
          <value>
            <GitHubAction>
              <option name="action" value="true" />
              <option name="metaData">
                <map>
                  <entry key="downloadUrl" value="https://raw.githubusercontent.com/actions/setup-java/v4/action.yml" />
                  <entry key="expiryTime" value="1731319810046" />
                  <entry key="githubUrl" value="https://github.com/actions/setup-java/tree/v4#readme" />
                  <entry key="ignoredInputs" value="" />
                  <entry key="ignoredOutputs" value="" />
                  <entry key="isAction" value="true" />
                  <entry key="isLocal" value="false" />
                  <entry key="isSuppressed" value="false" />
                  <entry key="name" value="actions/setup-java" />
                  <entry key="usesValue" value="actions/setup-java@v4" />
                </map>
              </option>
            </GitHubAction>
          </value>
        </entry>
        <entry key="arduino/setup-task@v">
          <value>
            <GitHubAction>
              <option name="action" value="true" />
              <option name="metaData">
                <map>
                  <entry key="downloadUrl" value="https://raw.githubusercontent.com/arduino/setup-task/v/action.yml" />
                  <entry key="expiryTime" value="1731319810046" />
                  <entry key="githubUrl" value="https://github.com/arduino/setup-task/tree/v#readme" />
                  <entry key="ignoredInputs" value="" />
                  <entry key="ignoredOutputs" value="" />
                  <entry key="isAction" value="true" />
                  <entry key="isLocal" value="false" />
                  <entry key="isSuppressed" value="false" />
                  <entry key="name" value="arduino/setup-task" />
                  <entry key="usesValue" value="arduino/setup-task@v" />
                </map>
              </option>
            </GitHubAction>
          </value>
        </entry>
        <entry key="arduino/setup-task@v1">
          <value>
            <GitHubAction>
              <option name="action" value="true" />
              <option name="metaData">
                <map>
                  <entry key="downloadUrl" value="https://raw.githubusercontent.com/arduino/setup-task/v1/action.yml" />
                  <entry key="expiryTime" value="1731319810046" />
                  <entry key="githubUrl" value="https://github.com/arduino/setup-task/tree/v1#readme" />
                  <entry key="ignoredInputs" value="" />
                  <entry key="ignoredOutputs" value="" />
                  <entry key="isAction" value="true" />
                  <entry key="isLocal" value="false" />
                  <entry key="isSuppressed" value="false" />
                  <entry key="name" value="arduino/setup-task" />
                  <entry key="usesValue" value="arduino/setup-task@v1" />
                </map>
              </option>
            </GitHubAction>
          </value>
        </entry>
        <entry key="arduino/setup-task@v2">
          <value>
            <GitHubAction>
              <option name="action" value="true" />
              <option name="metaData">
                <map>
                  <entry key="downloadUrl" value="https://raw.githubusercontent.com/arduino/setup-task/v2/action.yml" />
                  <entry key="expiryTime" value="1731319810046" />
                  <entry key="githubUrl" value="https://github.com/arduino/setup-task/tree/v2#readme" />
                  <entry key="ignoredInputs" value="" />
                  <entry key="ignoredOutputs" value="" />
                  <entry key="isAction" value="true" />
                  <entry key="isLocal" value="false" />
                  <entry key="isSuppressed" value="false" />
                  <entry key="name" value="arduino/setup-task" />
                  <entry key="usesValue" value="arduino/setup-task@v2" />
                </map>
              </option>
            </GitHubAction>
          </value>
        </entry>
        <entry key="gradle/actions/setup-gradle@v">
          <value>
            <GitHubAction>
              <option name="action" value="true" />
              <option name="metaData">
                <map>
                  <entry key="downloadUrl" value="https://raw.githubusercontent.com/gradle/actions/v/setup-gradle/action.yml" />
                  <entry key="expiryTime" value="1731319810046" />
                  <entry key="githubUrl" value="https://github.com/gradle/actions/tree/v/setup-gradle#readme" />
                  <entry key="ignoredInputs" value="" />
                  <entry key="ignoredOutputs" value="" />
                  <entry key="isAction" value="true" />
                  <entry key="isLocal" value="false" />
                  <entry key="isSuppressed" value="false" />
                  <entry key="name" value="gradle/actions" />
                  <entry key="usesValue" value="gradle/actions/setup-gradle@v" />
                </map>
              </option>
            </GitHubAction>
          </value>
        </entry>
        <entry key="gradle/actions/setup-gradle@v3">
          <value>
            <GitHubAction>
              <option name="action" value="true" />
              <option name="metaData">
                <map>
                  <entry key="downloadUrl" value="https://raw.githubusercontent.com/gradle/actions/v3/setup-gradle/action.yml" />
                  <entry key="expiryTime" value="1731319810047" />
                  <entry key="githubUrl" value="https://github.com/gradle/actions/tree/v3/setup-gradle#readme" />
                  <entry key="ignoredInputs" value="" />
                  <entry key="ignoredOutputs" value="" />
                  <entry key="isAction" value="true" />
                  <entry key="isLocal" value="false" />
                  <entry key="isSuppressed" value="false" />
                  <entry key="name" value="gradle/actions" />
                  <entry key="usesValue" value="gradle/actions/setup-gradle@v3" />
                </map>
              </option>
            </GitHubAction>
          </value>
        </entry>
        <entry key="gradle/actions/setup-gradle@v4">
          <value>
            <GitHubAction>
              <option name="action" value="true" />
              <option name="metaData">
                <map>
                  <entry key="downloadUrl" value="https://raw.githubusercontent.com/gradle/actions/v4/setup-gradle/action.yml" />
                  <entry key="expiryTime" value="1731319810047" />
                  <entry key="githubUrl" value="https://github.com/gradle/actions/tree/v4/setup-gradle#readme" />
                  <entry key="ignoredInputs" value="" />
                  <entry key="ignoredOutputs" value="" />
                  <entry key="isAction" value="true" />
                  <entry key="isLocal" value="false" />
                  <entry key="isSuppressed" value="false" />
                  <entry key="name" value="gradle/actions" />
                  <entry key="usesValue" value="gradle/actions/setup-gradle@v4" />
                </map>
              </option>
            </GitHubAction>
          </value>
        </entry>
        <entry key="oven-sh/setup-bun@v1">
          <value>
            <GitHubAction>
              <option name="action" value="true" />
              <option name="metaData">
                <map>
                  <entry key="downloadUrl" value="https://raw.githubusercontent.com/oven-sh/setup-bun/v1/action.yml" />
                  <entry key="expiryTime" value="1731319810043" />
                  <entry key="githubUrl" value="https://github.com/oven-sh/setup-bun/tree/v1#readme" />
                  <entry key="ignoredInputs" value="" />
                  <entry key="ignoredOutputs" value="" />
                  <entry key="isAction" value="true" />
                  <entry key="isLocal" value="false" />
                  <entry key="isSuppressed" value="false" />
                  <entry key="name" value="oven-sh/setup-bun" />
                  <entry key="usesValue" value="oven-sh/setup-bun@v1" />
                </map>
              </option>
            </GitHubAction>
          </value>
        </entry>
      </map>
    </option>
  </component>
</application>