<application>
  <component name="GitHubActionCache">
    <option name="actions">
      <map>
        <entry key="actions-rust-lang/setup-rust-toolchain@v1">
          <value>
            <GitHubAction>
              <option name="action" value="true" />
              <option name="inputs">
                <map>
                  <entry key="cache" value="r[false] def[true] Automatically configure Rust cache" />
                  <entry key="cache-on-failure" value="r[false] def[true] Also cache on workflow failures" />
                  <entry key="cache-workspaces" value="r[false]  Paths to multiple Cargo workspaces and their target directories, separated by newlines." />
                  <entry key="components" value="r[false]  Comma-separated list of components to be additionally installed" />
                  <entry key="matcher" value="r[false] def[true] Enable the Rust problem matcher" />
                  <entry key="rustflags" value="r[false] def[-D warnings] set RUSTFLAGS environment variable, set to empty string to avoid overwriting build.rustflags" />
                  <entry key="target" value="r[false]  Target triple to install for this toolchain" />
                  <entry key="toolchain" value="r[false]  Rust toolchain specification -- see https://rust-lang.github.io/rustup/concepts/toolchains.html#toolchain-specification" />
                </map>
              </option>
              <option name="metaData">
                <map>
                  <entry key="downloadUrl" value="https://raw.githubusercontent.com/actions-rust-lang/setup-rust-toolchain/v1/action.yml" />
                  <entry key="expiryTime" value="1723151420783" />
                  <entry key="githubUrl" value="https://github.com/actions-rust-lang/setup-rust-toolchain/tree/v1#readme" />
                  <entry key="isAction" value="true" />
                  <entry key="isLocal" value="false" />
                  <entry key="isResolved" value="true" />
                  <entry key="isSuppressed" value="false" />
                  <entry key="name" value="actions-rust-lang/setup-rust-toolchain" />
                  <entry key="usesValue" value="actions-rust-lang/setup-rust-toolchain@v1" />
                </map>
              </option>
              <option name="outputs">
                <map>
                  <entry key="cachekey" value=" A short hash of the rustc version, appropriate for use as a cache key. &quot;20220627a831&quot;" />
                  <entry key="cargo-version" value=" Version as reported by `cargo --version`" />
                  <entry key="rustc-version" value=" Version as reported by `rustc --version`" />
                  <entry key="rustup-version" value=" Version as reported by `rustup --version`" />
                </map>
              </option>
            </GitHubAction>
          </value>
        </entry>
        <entry key="actions/checkout@v4">
          <value>
            <GitHubAction>
              <option name="action" value="true" />
              <option name="inputs">
                <map>
                  <entry key="clean" value="r[false] def[true] Whether to execute `git clean -ffdx &amp;&amp; git reset --hard HEAD` before fetching" />
                  <entry key="fetch-depth" value="r[false] def[1] Number of commits to fetch. 0 indicates all history for all branches and tags." />
                  <entry key="fetch-tags" value="r[false] def[false] Whether to fetch tags, even if fetch-depth &gt; 0." />
                  <entry key="filter" value="r[false] def[null]" />
                  <entry key="github-server-url" value="r[false]  The base URL for the GitHub instance that you are trying to clone from, will use environment defaults to fetch from the same instance that the workflow is running from unless specified. Example URLs are https://github.com or https://my-ghes-server.example.com" />
                  <entry key="lfs" value="r[false] def[false] Whether to download Git-LFS files" />
                  <entry key="path" value="r[false]  Relative path under $GITHUB_WORKSPACE to place the repository" />
                  <entry key="persist-credentials" value="r[false] def[true] Whether to configure the token or SSH key with the local git config" />
                  <entry key="ref" value="r[false] " />
                  <entry key="repository" value="r[false] def[${{ github.repository }}] Repository name with owner. For example, actions/checkout" />
                  <entry key="set-safe-directory" value="r[false] def[true] Add repository path as safe.directory for Git global config by running `git config --global --add safe.directory &lt;path&gt;`" />
                  <entry key="show-progress" value="r[false] def[true] Whether to show progress status output when fetching." />
                  <entry key="sparse-checkout" value="r[false] def[null]" />
                  <entry key="sparse-checkout-cone-mode" value="r[false] def[true]" />
                  <entry key="ssh-key" value="r[false] " />
                  <entry key="ssh-known-hosts" value="r[false] " />
                  <entry key="ssh-strict" value="r[false] def[true]" />
                  <entry key="ssh-user" value="r[false] def[git]" />
                  <entry key="submodules" value="r[false] def[false]" />
                  <entry key="token" value="r[false] def[${{ github.token }}]" />
                </map>
              </option>
              <option name="metaData">
                <map>
                  <entry key="downloadUrl" value="https://raw.githubusercontent.com/actions/checkout/v4/action.yml" />
                  <entry key="expiryTime" value="1723151420782" />
                  <entry key="githubUrl" value="https://github.com/actions/checkout/tree/v4#readme" />
                  <entry key="isAction" value="true" />
                  <entry key="isLocal" value="false" />
                  <entry key="isResolved" value="true" />
                  <entry key="isSuppressed" value="false" />
                  <entry key="name" value="actions/checkout" />
                  <entry key="usesValue" value="actions/checkout@v4" />
                </map>
              </option>
            </GitHubAction>
          </value>
        </entry>
        <entry key="arduino/setup-task@v1">
          <value>
            <GitHubAction>
              <option name="action" value="true" />
              <option name="inputs">
                <map>
                  <entry key="repo-token" value="r[false]  Token with permissions to do repo things" />
                  <entry key="version" value="r[true] def[3.x] Version to use. Example: 3.4.2" />
                </map>
              </option>
              <option name="metaData">
                <map>
                  <entry key="downloadUrl" value="https://raw.githubusercontent.com/arduino/setup-task/v1/action.yml" />
                  <entry key="expiryTime" value="1723151420783" />
                  <entry key="githubUrl" value="https://github.com/arduino/setup-task/tree/v1#readme" />
                  <entry key="isAction" value="true" />
                  <entry key="isLocal" value="false" />
                  <entry key="isResolved" value="true" />
                  <entry key="isSuppressed" value="false" />
                  <entry key="name" value="arduino/setup-task" />
                  <entry key="usesValue" value="arduino/setup-task@v1" />
                </map>
              </option>
            </GitHubAction>
          </value>
        </entry>
      </map>
    </option>
  </component>
</application>