<application>
  <component name="BuildProcessSatisfactionSurveyStore">
    <option name="daysWithGradleBuilds" value="1" />
    <option name="firstKotlinGradleBuildTime" value="1723125195" />
    <option name="lastKotlinGradleBuildTime" value="1723125195" />
    <option name="nextCountedGradleBuild" value="1723211595" />
  </component>
  <component name="KotlinNewUserTracker">
    <option name="firstKtFileOpened" value="1721131172" />
    <option name="lastKtFileOpened" value="1723053060" />
    <option name="newKtUserSince" value="1721131172" />
  </component>
</application>