<application>
  <component name="BuildProcessSatisfactionSurveyStore">
    <option name="daysWithGradleBuilds" value="9" />
    <option name="firstKotlinGradleBuildTime" value="1723125195" />
    <option name="lastKotlinGradleBuildTime" value="1725832699" />
    <option name="nextCountedGradleBuild" value="1725888937" />
  </component>
  <component name="KotlinNewUserTracker">
    <option name="firstKtFileOpened" value="1721131172" />
    <option name="lastKtFileOpened" value="1725831076" />
    <option name="newKtUserSince" value="1721131172" />
  </component>
</application>