<application>
  <component name="BuildProcessSatisfactionSurveyStore">
    <option name="daysWithGradleBuilds" value="14" />
    <option name="firstKotlinGradleBuildTime" value="1723125195" />
    <option name="lastKotlinGradleBuildTime" value="1726315265" />
    <option name="nextCountedGradleBuild" value="1726400427" />
  </component>
  <component name="KotlinNewUserTracker">
    <option name="firstKtFileOpened" value="1721131172" />
    <option name="lastKtFileOpened" value="1726381807" />
    <option name="newKtUserSince" value="1721131172" />
  </component>
</application>