<application>
  <component name="KotlinGradleCompatibilityStore">
    <option name="compatibility">
      <list>
        <KotlinGradleVersionMapping>
          <option name="gradle" value="6.8.3-8.7" />
          <option name="kotlin" value="1.9.20-1.9.30" />
          <option name="maxJvmTarget" value="21" />
        </KotlinGradleVersionMapping>
        <KotlinGradleVersionMapping>
          <option name="gradle" value="6.8.3-8.7" />
          <option name="kotlin" value="1.9.0-1.9.20" />
          <option name="maxJvmTarget" value="20" />
        </KotlinGradleVersionMapping>
        <KotlinGradleVersionMapping>
          <option name="gradle" value="6.8.3-8.6" />
          <option name="kotlin" value="1.8.20-1.8.30" />
          <option name="maxJvmTarget" value="19" />
        </KotlinGradleVersionMapping>
        <KotlinGradleVersionMapping>
          <option name="gradle" value="6.8.3-7.4.0" />
          <option name="kotlin" value="1.8.0-1.8.20" />
          <option name="maxJvmTarget" value="19" />
        </KotlinGradleVersionMapping>
        <KotlinGradleVersionMapping>
          <option name="gradle" value="6.7.1-7.2.0" />
          <option name="kotlin" value="1.7.20-1.7.30" />
          <option name="maxJvmTarget" value="18" />
        </KotlinGradleVersionMapping>
        <KotlinGradleVersionMapping>
          <option name="gradle" value="6.7.1-7.0.2" />
          <option name="kotlin" value="1.7.0-1.7.20" />
          <option name="maxJvmTarget" value="18" />
        </KotlinGradleVersionMapping>
        <KotlinGradleVersionMapping>
          <option name="gradle" value="6.1.1-7.0.2" />
          <option name="kotlin" value="1.6.20-1.7.0" />
          <option name="maxJvmTarget" value="18" />
        </KotlinGradleVersionMapping>
        <KotlinGradleVersionMapping>
          <option name="gradle" value="6.1.1-7.0" />
          <option name="kotlin" value="1.6.0-1.6.20" />
          <option name="maxJvmTarget" value="17" />
        </KotlinGradleVersionMapping>
        <KotlinGradleVersionMapping>
          <option name="gradle" value="6.1.1-7.0" />
          <option name="kotlin" value="1.5.30-1.6.0" />
          <option name="maxJvmTarget" value="16" />
        </KotlinGradleVersionMapping>
        <KotlinGradleVersionMapping>
          <option name="gradle" value="6.1.1-7.0" />
          <option name="kotlin" value="1.5.20-1.5.30" />
          <option name="maxJvmTarget" value="16" />
        </KotlinGradleVersionMapping>
        <KotlinGradleVersionMapping>
          <option name="gradle" value="6.1-7.0" />
          <option name="kotlin" value="1.5.0-1.5.20" />
          <option name="maxJvmTarget" value="16" />
        </KotlinGradleVersionMapping>
      </list>
    </option>
    <option name="ideVersion" value="2024.1.2" />
    <option name="kotlinVersions">
      <list>
        <option value="1.9.23" />
        <option value="1.9.22" />
        <option value="1.9.21" />
        <option value="1.9.20" />
        <option value="1.9.10" />
        <option value="1.9.0" />
        <option value="1.8.22" />
        <option value="1.8.21" />
        <option value="1.8.20" />
        <option value="1.8.10" />
        <option value="1.8.0" />
        <option value="1.7.21" />
        <option value="1.7.20" />
        <option value="1.7.10" />
        <option value="1.7.0" />
        <option value="1.6.21" />
        <option value="1.6.20" />
        <option value="1.6.10" />
        <option value="1.6.0" />
        <option value="1.5.32" />
        <option value="1.5.31" />
        <option value="1.5.30" />
        <option value="1.5.21" />
        <option value="1.5.20" />
        <option value="1.5.10" />
        <option value="1.5.0" />
      </list>
    </option>
  </component>
  <component name="KotlinWizardDependencyVersionStore">
    <option name="ideVersion" value="2024.1.2" />
    <option name="versions">
      <map>
        <entry key="androidx.activity:activity-compose" value="1.7.2" />
        <entry key="androidx.appcompat:appcompat" value="1.6.1" />
        <entry key="androidx.compose.foundation:foundation" value="1.4.3" />
        <entry key="androidx.compose.material:material" value="1.4.3" />
        <entry key="androidx.compose.ui:ui" value="1.4.3" />
        <entry key="androidx.compose.ui:ui-tooling" value="1.4.3" />
        <entry key="androidx.compose.ui:ui-tooling-preview" value="1.4.3" />
        <entry key="androidx.constraintlayout:constraintlayout" value="2.1.4" />
        <entry key="com.google.android.material:material" value="1.9.0" />
        <entry key="io.ktor:ktor-server-html-builder-jvm" value="2.3.2" />
        <entry key="io.ktor:ktor-server-netty" value="2.3.2" />
        <entry key="junit:junit" value="4.13.2" />
        <entry key="kotlinjs.wrapper" value="pre.346" />
        <entry key="org.jetbrains.kotlin-wrappers:kotlin-emotion" value="11.9.3" />
        <entry key="org.jetbrains.kotlin-wrappers:kotlin-react" value="18.2.0" />
        <entry key="org.jetbrains.kotlin-wrappers:kotlin-react-dom" value="18.2.0" />
        <entry key="org.jetbrains.kotlin-wrappers:kotlin-react-redux" value="7.2.6" />
        <entry key="org.jetbrains.kotlin-wrappers:kotlin-react-router-dom" value="6.3.0" />
        <entry key="org.jetbrains.kotlin-wrappers:kotlin-redux" value="4.1.2" />
        <entry key="org.jetbrains.kotlinx:kotlinx-html-jvm" value="0.7.2" />
        <entry key="org.jetbrains.kotlinx:kotlinx-nodejs" value="0.0.7" />
        <entry key="org.junit.jupiter:junit-jupiter-engine" value="5.10.0" />
      </map>
    </option>
  </component>
  <component name="KotlinWizardVersionStore">
    <option name="codehausMojoExecVersion" value="1.6.0" />
    <option name="composeCompilerExtension" value="1.4.3" />
    <option name="failsafeVersion" value="2.22.2" />
    <option name="foojayVersion" value="0.5.0" />
    <option name="gradleAndroidVersion" value="8.1.0" />
    <option name="ideVersion" value="2024.1.2" />
    <option name="kotlinForComposeVersion" value="1.7.20" />
    <option name="kotlinPluginVersion" value="1.9.23" />
    <option name="minGradleFoojayVersion" value="7.6" />
    <option name="minKotlinFoojayVersion" value="1.5.30" />
    <option name="surefireVersion" value="2.22.2" />
  </component>
</application>