<application>
  <component name="BuildProcessSatisfactionSurveyStore">
    <option name="daysWithGradleBuilds" value="23" />
    <option name="firstKotlinGradleBuildTime" value="1723125195" />
    <option name="lastKotlinGradleBuildTime" value="1727621863" />
    <option name="nextCountedGradleBuild" value="1727628412" />
  </component>
  <component name="KotlinNewUserTracker">
    <option name="firstKtFileOpened" value="1721131172" />
    <option name="lastKtFileOpened" value="1727624707" />
    <option name="newKtUserSince" value="1721131172" />
  </component>
</application>