<application>
  <component name="BuildProcessSatisfactionSurveyStore">
    <option name="daysWithGradleBuilds" value="20" />
    <option name="firstKotlinGradleBuildTime" value="1723125195" />
    <option name="lastKotlinGradleBuildTime" value="1727100931" />
    <option name="nextCountedGradleBuild" value="1727187191" />
  </component>
  <component name="KotlinNewUserTracker">
    <option name="firstKtFileOpened" value="1721131172" />
    <option name="lastKtFileOpened" value="1727100717" />
    <option name="newKtUserSince" value="1721131172" />
  </component>
</application>