<application>
  <component name="MaterialThemeNewConfig">
    <option name="accentState">
      <MTAccentConfigState>
        <option name="accentColorHex" value="74a0f1" />
      </MTAccentConfigState>
    </option>
    <option name="contrastState">
      <MTContrastConfigState>
        <option name="contrastMode" value="true" />
      </MTContrastConfigState>
    </option>
    <option name="metadata">
      <MTMetadataState>
        <option name="allowDataCollection" value="true" />
        <option name="pristineConfig" value="false" />
        <option name="userId" value="3c07bee4:18ff3f6be39:-8000" />
        <option name="version" value="9.3.1" />
        <option name="wizardShown" value="true" />
      </MTMetadataState>
    </option>
    <option name="themeState">
      <MTThemeConfigState>
        <option name="selectedThemeName" value="MOONLIGHT" />
      </MTThemeConfigState>
    </option>
  </component>
</application>