<application>
  <component name="ProjectManager">
    <defaultProject>
      <component name="AutoImportSettings">
        <option name="autoReloadType" value="SELECTIVE" />
      </component>
      <component name="BunSettings">
        <option name="bunPath" value="/home/linuxbrew/.linuxbrew/bin/bun" />
      </component>
      <component name="DenoSettings">
        <option name="denoPath" value="/home/linuxbrew/.linuxbrew/bin/deno" />
      </component>
      <component name="EslintConfiguration">
        <files-pattern value="**/*.{js,ts,jsx,tsx,cjs,cts,mjs,mts,html,vue,astro,svelte}" />
      </component>
      <component name="FormatOnSaveOptions">
        <option name="myRunOnSave" value="true" />
      </component>
      <component name="GOROOT" url="file:///home/linuxbrew/.linuxbrew/opt/go/libexec" />
      <component name="InspectionProjectProfileManager">
        <profile version="1.0">
          <option name="myName" value="Project Default" />
          <inspection_tool class="Eslint" enabled="true" level="WARNING" enabled_by_default="true" />
          <inspection_tool class="SpringJavaAutowiredFieldsWarningInspection" enabled="false" level="WEAK WARNING" enabled_by_default="false" />
          <inspection_tool class="Stylelint" enabled="true" level="ERROR" enabled_by_default="true" />
        </profile>
        <version value="1.0" />
      </component>
      <component name="Kotlin2JsCompilerArguments">
        <option name="moduleKind" value="plain" />
      </component>
      <component name="Kotlin2JvmCompilerArguments">
        <option name="jvmTarget" value="21" />
      </component>
      <component name="KotlinCommonCompilerArguments">
        <option name="apiVersion" value="2.0" />
        <option name="languageVersion" value="2.0" />
      </component>
      <component name="KtLint plugin">
        <ktlintMode>DISTRACT_FREE</ktlintMode>
      </component>
      <component name="KubernetesApiPersistence">{}</component>
      <component name="KubernetesApiProvider">{
  &quot;isMigrated&quot;: true
}</component>
      <component name="MaterialThemeProjectNewConfig">
        <option name="metadata">
          <MTProjectMetadataState>
            <option name="migrated" value="true" />
            <option name="pristineConfig" value="false" />
            <option name="userId" value="-69eee0d1:18ff3f86eb5:-7ff7" />
          </MTProjectMetadataState>
        </option>
      </component>
      <component name="PrettierConfiguration">
        <option name="myConfigurationMode" value="MANUAL" />
        <option name="myRunOnSave" value="true" />
        <option name="myRunOnReformat" value="true" />
        <option name="myFilesPattern" value="**/*.{js,jsx,cjs,mjs,ts,tsx,cts,mts,html,css,scss,sass,json,yaml,md,mdx,graphql,graphqls,gql,vue,astro,svelte,properties,toml,xml,java,php}" />
        <option name="customIgnorePath" value="$USER_HOME$/.bun/install/global/.prettierignore" />
      </component>
      <component name="ProjectInspectionProfilesVisibleTreeState">
        <entry key="Project Default">
          <profile-state>
            <selected-state>
              <State>
                <id>Spring</id>
              </State>
            </selected-state>
          </profile-state>
        </entry>
      </component>
      <component name="ProjectViewState">
        <option name="autoscrollFromSource" value="true" />
        <option name="autoscrollToSource" value="true" />
        <option name="hideEmptyMiddlePackages" value="true" />
        <option name="openDirectoriesWithSingleClick" value="true" />
        <option name="showLibraryContents" value="true" />
        <option name="showVisibilityIcons" value="true" />
      </component>
      <component name="PropertiesComponent"><![CDATA[{
  "keyToString": {
    "go.import.settings.migrated": "true",
    "last_opened_file_path": "/home/trina/.bun/install/global/.stylelintrc.yaml",
    "node.js.selected.package.eslint": "(autodetect)",
    "node.js.selected.package.standard": "",
    "node.js.selected.package.stylelint": "/home/trina/.bun/install/global/node_modules/stylelint",
    "nodejs_interpreter_path": "/home/linuxbrew/.linuxbrew/bin/node",
    "nodejs_package_manager_path": "npm",
    "prettierjs.PrettierConfiguration.Package": "/home/trina/.bun/install/global/node_modules/prettier",
    "settings.editor.selected.configurable": "configurable.group.appearance"
  }
}]]></component>
      <component name="StylelintConfiguration">
        <config-file value="$USER_HOME$/.bun/install/global/.stylelintrc.yaml" />
        <file-patterns value="**/*.{html,css,scss,vue,astro,svelte}" />
      </component>
      <component name="VcsDirectoryMappings" defaultProject="true" />
      <component name="WindowStateProjectService">
        <state x="759" y="299" width="759" height="498" key="FileChooserDialogImpl" timestamp="1734949320377">
          <screen x="0" y="30" width="1920" height="1050" />
        </state>
        <state x="759" y="299" width="759" height="498" key="FileChooserDialogImpl/0.30.1920.1050" timestamp="1734949320377" />
        <state x="226" y="73" width="1507" height="967" key="SettingsEditor" timestamp="1734949726076">
          <screen x="0" y="30" width="1920" height="1050" />
        </state>
        <state x="226" y="73" width="1507" height="967" key="SettingsEditor/0.30.1920.1050" timestamp="1734949726076" />
        <state x="225" y="74" width="1491" height="966" key="new project wizard" timestamp="1734350719104">
          <screen x="0" y="30" width="1920" height="1050" />
        </state>
        <state x="225" y="74" width="1491" height="966" key="new project wizard/0.30.1920.1050" timestamp="1734350719104" />
      </component>
      <component name="com.nbadal.ktlint.KtlintProjectSettings">
        <ktlintMode>DISTRACT_FREE</ktlintMode>
      </component>
    </defaultProject>
  </component>
</application>