<application>
  <component name="ProjectManager">
    <defaultProject>
      <component name="AutoImportSettings">
        <option name="autoReloadType" value="SELECTIVE" />
      </component>
      <component name="EslintConfiguration">
        <files-pattern value="**/*.{js,ts,jsx,tsx,cjs,cts,mjs,mts,html,vue,astro,svelte}" />
      </component>
      <component name="FormatOnSaveOptions">
        <option name="myRunOnSave" value="true" />
      </component>
      <component name="GOROOT" url="file:///home/linuxbrew/.linuxbrew/opt/go/libexec" />
      <component name="InspectionProjectProfileManager">
        <profile version="1.0">
          <option name="myName" value="Project Default" />
          <inspection_tool class="Eslint" enabled="true" level="WARNING" enabled_by_default="true" />
        </profile>
        <version value="1.0" />
      </component>
      <component name="KtLint plugin">
        <ktlintMode>DISTRACT_FREE</ktlintMode>
      </component>
      <component name="MaterialThemeProjectNewConfig">
        <option name="metadata">
          <MTProjectMetadataState>
            <option name="migrated" value="true" />
            <option name="pristineConfig" value="false" />
            <option name="userId" value="-69eee0d1:18ff3f86eb5:-7ff7" />
          </MTProjectMetadataState>
        </option>
      </component>
      <component name="PrettierConfiguration">
        <option name="myConfigurationMode" value="MANUAL" />
        <option name="myRunOnSave" value="true" />
        <option name="myRunOnReformat" value="true" />
        <option name="myFilesPattern" value="**/*.{js,jsx,cjs,mjs,ts,tsx,cts,mts,html,css,scss,sass,json,yaml,md,mdx,graphql,graphqls,gql,vue,astro,svelte}" />
      </component>
      <component name="ProjectViewState">
        <option name="autoscrollFromSource" value="true" />
        <option name="autoscrollToSource" value="true" />
        <option name="hideEmptyMiddlePackages" value="true" />
        <option name="openDirectoriesWithSingleClick" value="true" />
        <option name="showLibraryContents" value="true" />
        <option name="showVisibilityIcons" value="true" />
      </component>
      <component name="PropertiesComponent">{
  &quot;keyToString&quot;: {
    &quot;go.import.settings.migrated&quot;: &quot;true&quot;,
    &quot;last_opened_file_path&quot;: &quot;/home/logno-atoshi/.bun/install/global/node_modules/prettier&quot;,
    &quot;node.js.selected.package.eslint&quot;: &quot;(autodetect)&quot;,
    &quot;node.js.selected.package.standard&quot;: &quot;&quot;,
    &quot;node.js.selected.package.stylelint&quot;: &quot;&quot;,
    &quot;nodejs_interpreter_path&quot;: &quot;/home/linuxbrew/.linuxbrew/bin/node&quot;,
    &quot;nodejs_package_manager_path&quot;: &quot;npm&quot;,
    &quot;prettierjs.PrettierConfiguration.Package&quot;: &quot;/home/logno-atoshi/.bun/install/global/node_modules/prettier&quot;,
    &quot;settings.editor.selected.configurable&quot;: &quot;configurable.group.appearance&quot;
  }
}</component>
      <component name="VcsDirectoryMappings" defaultProject="true" />
      <component name="WindowStateProjectService">
        <state x="759" y="299" width="558" height="498" key="FileChooserDialogImpl" timestamp="1727443394795">
          <screen x="0" y="30" width="1920" height="1050" />
        </state>
        <state x="759" y="299" width="558" height="498" key="FileChooserDialogImpl/0.30.1920.1050" timestamp="1727443394795" />
        <state x="225" y="72" width="1502" height="941" key="SettingsEditor" timestamp="1727464205725">
          <screen x="0" y="30" width="1920" height="1050" />
        </state>
        <state x="225" y="72" width="1502" height="941" key="SettingsEditor/0.30.1920.1050" timestamp="1727464205725" />
      </component>
    </defaultProject>
  </component>
</application>