<application>
  <component name="ProjectManager">
    <defaultProject>
      <component name="AutoImportSettings">
        <option name="autoReloadType" value="SELECTIVE" />
      </component>
      <component name="BunSettings">
        <option name="bunPath" value="/home/linuxbrew/.linuxbrew/bin/bun" />
      </component>
      <component name="ComposerSettings" synchronizationState="SYNCHRONIZE">
        <execution>
          <executable path="/home/linuxbrew/.linuxbrew/bin/composer" />
        </execution>
      </component>
      <component name="DenoSettings">
        <option name="denoPath" value="/home/linuxbrew/.linuxbrew/bin/deno" />
      </component>
      <component name="EslintConfiguration">
        <files-pattern value="**/*.{js,ts,jsx,tsx,cjs,cts,mjs,mts,html,vue,astro,svelte}" />
      </component>
      <component name="FormatOnSaveOptions">
        <option name="myRunOnSave" value="true" />
      </component>
      <component name="GOROOT" url="file:///home/linuxbrew/.linuxbrew/opt/go/libexec" />
      <component name="InspectionProjectProfileManager">
        <profile version="1.0">
          <option name="myName" value="Project Default" />
          <inspection_tool class="Eslint" enabled="true" level="WARNING" enabled_by_default="true" />
          <inspection_tool class="PhpStanGlobal" enabled="true" level="WEAK WARNING" enabled_by_default="true" />
          <inspection_tool class="SpringJavaAutowiredFieldsWarningInspection" enabled="false" level="WEAK WARNING" enabled_by_default="false" />
          <inspection_tool class="Stylelint" enabled="true" level="ERROR" enabled_by_default="true" />
        </profile>
        <version value="1.0" />
      </component>
      <component name="Kotlin2JsCompilerArguments">
        <option name="moduleKind" value="plain" />
      </component>
      <component name="Kotlin2JvmCompilerArguments">
        <option name="jvmTarget" value="21" />
      </component>
      <component name="KotlinCommonCompilerArguments">
        <option name="apiVersion" value="2.0" />
        <option name="languageVersion" value="2.0" />
      </component>
      <component name="KtLint plugin">
        <ktlintMode>DISTRACT_FREE</ktlintMode>
      </component>
      <component name="KubernetesApiPersistence">{}</component>
      <component name="KubernetesApiProvider">{
  &quot;isMigrated&quot;: true
}</component>
      <component name="LaravelPint">
        <laravel_pint_settings>
          <laravel_pint_by_interpreter asDefaultInterpreter="true" interpreter_id="0317153d-0621-47a6-b057-7fc759e8342b">
            <option name="timeout" value="30000" />
          </laravel_pint_by_interpreter>
        </laravel_pint_settings>
      </component>
      <component name="MaterialThemeProjectNewConfig">
        <option name="metadata">
          <MTProjectMetadataState>
            <option name="migrated" value="true" />
            <option name="pristineConfig" value="false" />
            <option name="userId" value="-69eee0d1:18ff3f86eb5:-7ff7" />
          </MTProjectMetadataState>
        </option>
      </component>
      <component name="MessDetector">
        <phpmd_settings>
          <phpmd_by_interpreter asDefaultInterpreter="true" interpreter_id="0317153d-0621-47a6-b057-7fc759e8342b" timeout="30000" />
        </phpmd_settings>
      </component>
      <component name="PHPCSFixerProjectConfiguration">
        <option name="selectedConfigurationId" value="Local" />
      </component>
      <component name="PhpCSFixer">
        <phpcsfixer_settings>
          <phpcs_fixer_by_interpreter asDefaultInterpreter="true" deletedFromTheList="true" interpreter_id="0317153d-0621-47a6-b057-7fc759e8342b" timeout="30000" />
          <PhpCSFixerConfiguration deletedFromTheList="true" standards="PSR1;PSR2;Symfony;DoctrineAnnotation;PHP70Migration;PHP71Migration" />
        </phpcsfixer_settings>
      </component>
      <component name="PhpCodeSniffer">
        <phpcs_settings>
          <phpcs_by_interpreter asDefaultInterpreter="true" interpreter_id="0317153d-0621-47a6-b057-7fc759e8342b" timeout="30000" />
        </phpcs_settings>
      </component>
      <component name="PhpProjectSharedConfiguration" php_language_level="8.4" />
      <component name="PhpStan">
        <PhpStan_settings>
          <PhpStanConfiguration tool_path="/home/linuxbrew/.linuxbrew/bin/phpstan" timeout="60000" />
          <phpstan_by_interpreter asDefaultInterpreter="true" deletedFromTheList="true" interpreter_id="0317153d-0621-47a6-b057-7fc759e8342b" tool_path="/home/linuxbrew/.linuxbrew/bin/phpstan" timeout="60000" />
        </PhpStan_settings>
      </component>
      <component name="PhpStanOptionsConfiguration">
        <option name="config" value="$USER_HOME$/.config/composer/phpstan.neon" />
        <option name="level" value="8" />
      </component>
      <component name="PhpWorkspaceProjectConfiguration" interpreter_name="PHP" />
      <component name="PrettierConfiguration">
        <option name="myConfigurationMode" value="MANUAL" />
        <option name="myRunOnSave" value="true" />
        <option name="myRunOnReformat" value="true" />
        <option name="myFilesPattern" value="**/*.{js,jsx,cjs,mjs,ts,tsx,cts,mts,html,css,scss,sass,json,yaml,md,mdx,graphql,graphqls,gql,vue,astro,svelte,properties,toml,xml,java,php,blade.php}" />
        <option name="customIgnorePath" value="$USER_HOME$/.bun/install/global/.prettierignore" />
      </component>
      <component name="ProjectInspectionProfilesVisibleTreeState">
        <entry key="Project Default">
          <profile-state>
            <selected-state>
              <State>
                <id>PHP</id>
              </State>
            </selected-state>
          </profile-state>
        </entry>
      </component>
      <component name="ProjectViewState">
        <option name="autoscrollFromSource" value="true" />
        <option name="autoscrollToSource" value="true" />
        <option name="hideEmptyMiddlePackages" value="true" />
        <option name="openDirectoriesWithSingleClick" value="true" />
        <option name="showLibraryContents" value="true" />
        <option name="showVisibilityIcons" value="true" />
      </component>
      <component name="PropertiesComponent">{
  &quot;keyToString&quot;: {
    &quot;go.import.settings.migrated&quot;: &quot;true&quot;,
    &quot;last_opened_file_path&quot;: &quot;/home/trina/.config/composer/phpstan.neon&quot;,
    &quot;node.js.selected.package.eslint&quot;: &quot;(autodetect)&quot;,
    &quot;node.js.selected.package.standard&quot;: &quot;&quot;,
    &quot;node.js.selected.package.stylelint&quot;: &quot;/home/trina/.bun/install/global/node_modules/stylelint&quot;,
    &quot;nodejs_interpreter_path&quot;: &quot;/home/linuxbrew/.linuxbrew/bin/node&quot;,
    &quot;nodejs_package_manager_path&quot;: &quot;npm&quot;,
    &quot;prettierjs.PrettierConfiguration.Package&quot;: &quot;/home/trina/.bun/install/global/node_modules/prettier&quot;,
    &quot;settings.editor.selected.configurable&quot;: &quot;configurable.group.appearance&quot;
  }
}</component>
      <component name="Psalm">
        <Psalm_settings>
          <psalm_fixer_by_interpreter asDefaultInterpreter="true" interpreter_id="0317153d-0621-47a6-b057-7fc759e8342b" timeout="60000" />
        </Psalm_settings>
      </component>
      <component name="StylelintConfiguration">
        <config-file value="$USER_HOME$/.bun/install/global/.stylelintrc.yaml" />
        <file-patterns value="**/*.{html,css,scss,vue,astro,svelte}" />
      </component>
      <component name="VcsDirectoryMappings" defaultProject="true" />
      <component name="WindowStateProjectService">
        <state x="562" y="213" width="824" height="698" key="#CLI_Interpreters" timestamp="1735156472433">
          <screen x="0" y="30" width="1920" height="1050" />
        </state>
        <state x="562" y="213" width="824" height="698" key="#CLI_Interpreters/0.30.1920.1050" timestamp="1735156472433" />
        <state x="562" y="213" width="824" height="698" key="#PHPStan" timestamp="1735393015717">
          <screen x="0" y="30" width="1920" height="1050" />
        </state>
        <state x="562" y="213" width="824" height="698" key="#PHPStan/0.30.1920.1050" timestamp="1735393015717" />
        <state x="562" y="213" width="824" height="698" key="#PHP_CS_Fixer" timestamp="1735157295320">
          <screen x="0" y="30" width="1920" height="1050" />
        </state>
        <state x="562" y="213" width="824" height="698" key="#PHP_CS_Fixer/0.30.1920.1050" timestamp="1735157295320" />
        <state x="555" y="240" width="800" height="642" key="#com.intellij.openapi.updateSettings.impl.PluginUpdateInfoDialog" timestamp="1735297665614">
          <screen x="0" y="30" width="1920" height="1050" />
        </state>
        <state x="555" y="240" width="800" height="642" key="#com.intellij.openapi.updateSettings.impl.PluginUpdateInfoDialog/0.30.1920.1050" timestamp="1735297665614" />
        <state x="702" y="263" width="759" height="498" key="FileChooserDialogImpl" timestamp="1736020131944">
          <screen x="0" y="30" width="1920" height="1050" />
        </state>
        <state x="702" y="263" width="759" height="498" key="FileChooserDialogImpl/0.30.1920.1050" timestamp="1736020131944" />
        <state x="226" y="73" width="1507" height="967" key="SettingsEditor" timestamp="1736020223459">
          <screen x="0" y="30" width="1920" height="1050" />
        </state>
        <state x="226" y="73" width="1507" height="967" key="SettingsEditor/0.30.1920.1050" timestamp="1736020223459" />
        <state x="225" y="74" width="1491" height="966" key="new project wizard" timestamp="1735988671150">
          <screen x="0" y="30" width="1920" height="1050" />
        </state>
        <state x="225" y="74" width="1491" height="966" key="new project wizard/0.30.1920.1050" timestamp="1735988671150" />
      </component>
      <component name="com.nbadal.ktlint.KtlintProjectSettings">
        <ktlintMode>DISTRACT_FREE</ktlintMode>
      </component>
    </defaultProject>
  </component>
</application>