<application>
  <component name="ProjectManager">
    <defaultProject>
      <component name="FormatOnSaveOptions">
        <option name="myRunOnSave" value="true" />
      </component>
      <component name="InspectionProjectProfileManager">
        <profile version="1.0">
          <option name="myName" value="Project Default" />
        </profile>
        <version value="1.0" />
      </component>
      <component name="KtLint plugin">
        <ktlintMode>DISTRACT_FREE</ktlintMode>
      </component>
      <component name="MaterialThemeProjectNewConfig">
        <option name="metadata">
          <MTProjectMetadataState>
            <option name="migrated" value="true" />
            <option name="pristineConfig" value="false" />
            <option name="userId" value="-69eee0d1:18ff3f86eb5:-7ff7" />
          </MTProjectMetadataState>
        </option>
      </component>
      <component name="PrettierConfiguration">
        <option name="myConfigurationMode" value="MANUAL" />
        <option name="myRunOnSave" value="true" />
        <option name="myRunOnReformat" value="true" />
        <option name="myFilesPattern" value="**/*.{js,jsx,cjs,mjs,ts,tsx,cts,mts,html,css,scss,sass,json,yaml,md,mdx,graphql,graphqls,gql,vue,astro}" />
      </component>
      <component name="PropertiesComponent">{
  &quot;keyToString&quot;: {
    &quot;last_opened_file_path&quot;: &quot;/home/logno-atoshi/.bun/install/global/node_modules/prettier&quot;,
    &quot;node.js.selected.package.eslint&quot;: &quot;(autodetect)&quot;,
    &quot;node.js.selected.package.stylelint&quot;: &quot;&quot;,
    &quot;nodejs_interpreter_path&quot;: &quot;/home/linuxbrew/.linuxbrew/bin/node&quot;,
    &quot;nodejs_package_manager_path&quot;: &quot;npm&quot;,
    &quot;prettierjs.PrettierConfiguration.Package&quot;: &quot;/home/logno-atoshi/.bun/install/global/node_modules/prettier&quot;,
    &quot;settings.editor.selected.configurable&quot;: &quot;AtomSelectConfig&quot;
  }
}</component>
      <component name="WindowStateProjectService">
        <state x="759" y="299" width="509" height="498" key="FileChooserDialogImpl" timestamp="1722968914525">
          <screen x="0" y="30" width="1920" height="1050" />
        </state>
        <state x="759" y="299" width="509" height="498" key="FileChooserDialogImpl/0.30.1920.1050" timestamp="1722968914525" />
        <state x="225" y="72" width="1502" height="941" key="SettingsEditor" timestamp="1722968956116">
          <screen x="0" y="30" width="1920" height="1050" />
        </state>
        <state x="225" y="72" width="1502" height="941" key="SettingsEditor/0.30.1920.1050" timestamp="1722968956116" />
      </component>
    </defaultProject>
  </component>
</application>