<application>
  <component name="Trusted.Paths">
    <option name="TRUSTED_PROJECT_PATHS">
      <map>
        <entry key="$USER_HOME$/SKN/Main-Projects/sup-backend" value="true" />
        <entry key="$USER_HOME$/SKN/Main-Projects/sup-frontend" value="true" />
        <entry key="$USER_HOME$/SKN/Main-Projects/sup-interface" value="true" />
        <entry key="$USER_HOME$/SKN/New-Projects/kotlin-app" value="true" />
        <entry key="$USER_HOME$/SKN/New-Projects/untitled" value="true" />
        <entry key="$USER_HOME$/SKN/Practice-Projects/svlt" value="true" />
      </map>
    </option>
  </component>
  <component name="Trusted.Paths.Settings">
    <option name="TRUSTED_PATHS">
      <list>
        <option value="$USER_HOME$/SKN/Main-Projects" />
      </list>
    </option>
  </component>
</application>