<application>
  <component name="Trusted.Paths">
    <option name="TRUSTED_PROJECT_PATHS">
      <map>
        <entry key="$USER_HOME$/SKN/Alternate-Projects/sup-backend" value="true" />
        <entry key="$USER_HOME$/SKN/Library-Projects/skn-kotlin-utils" value="true" />
        <entry key="$USER_HOME$/SKN/Library-Projects/skn-spring-mail" value="true" />
        <entry key="$USER_HOME$/SKN/Main-Projects/go-interface" value="true" />
        <entry key="$USER_HOME$/SKN/Main-Projects/kotlin-interface" value="true" />
        <entry key="$USER_HOME$/SKN/Main-Projects/rust-interface" value="true" />
        <entry key="$USER_HOME$/SKN/Main-Projects/skn-java" value="true" />
        <entry key="$USER_HOME$/SKN/Main-Projects/spring-backend" value="true" />
        <entry key="$USER_HOME$/SKN/Main-Projects/sup-backend" value="true" />
        <entry key="$USER_HOME$/SKN/Main-Projects/sup-frontend" value="true" />
        <entry key="$USER_HOME$/SKN/Main-Projects/sup-interface" value="true" />
        <entry key="$USER_HOME$/SKN/Main-Projects/svelte-frontend" value="true" />
        <entry key="$USER_HOME$/SKN/Main-Projects/untitled" value="true" />
        <entry key="$USER_HOME$/SKN/Main-Projects/untitled1" value="true" />
        <entry key="$USER_HOME$/SKN/New-Projects/kotlin-app" value="true" />
        <entry key="$USER_HOME$/SKN/New-Projects/untitled" value="true" />
        <entry key="$USER_HOME$/SKN/Practice-Projects/skn-kotlin-practice" value="true" />
        <entry key="$USER_HOME$/SKN/Practice-Projects/skn-svelte-practice" value="true" />
        <entry key="$USER_HOME$/SKN/Practice-Projects/svlt" value="true" />
        <entry key="$USER_HOME$/SKN/Practice-Projects/untitled" value="true" />
        <entry key="$USER_HOME$/SKN/Test-Projects/sup-backend-master" value="true" />
        <entry key="$USER_HOME$/SKN/Test-Projects/untitled" value="true" />
        <entry key="$USER_HOME$/SKN/Test-Projects/untitled1" value="true" />
        <entry key="$USER_HOME$/SKN/Test-Projects/untitled2" value="true" />
        <entry key="$USER_HOME$/SKN/library-projects/skn-spring-mail" value="true" />
        <entry key="$USER_HOME$/SKN/main-projects/spring-backend" value="true" />
        <entry key="$USER_HOME$/SKN/test-projects/untitled2" value="true" />
      </map>
    </option>
  </component>
  <component name="Trusted.Paths.Settings">
    <option name="TRUSTED_PATHS">
      <list>
        <option value="$USER_HOME$/SKN/Main-Projects" />
      </list>
    </option>
  </component>
</application>