<application>
  <component name="ProjectViewFileNesting">
    <nesting-rules>
      <NestingRule child-file-suffix=".cjs.map" parent-file-suffix=".cjs" />
      <NestingRule child-file-suffix=".css.map" parent-file-suffix=".css" />
      <NestingRule child-file-suffix=".min.css" parent-file-suffix=".css" />
      <NestingRule child-file-suffix=".min.css.map" parent-file-suffix=".css" />
      <NestingRule child-file-suffix=".cjs" parent-file-suffix=".cts" />
      <NestingRule child-file-suffix=".cjs.map" parent-file-suffix=".cts" />
      <NestingRule child-file-suffix=".d.cts" parent-file-suffix=".cts" />
      <NestingRule child-file-suffix=".d.cts.map" parent-file-suffix=".cts" />
      <NestingRule child-file-suffix=".js" parent-file-suffix=".cts" />
      <NestingRule child-file-suffix=".js.map" parent-file-suffix=".cts" />
      <NestingRule child-file-suffix=".js" parent-file-suffix=".es6" />
      <NestingRule child-file-suffix=".js.map" parent-file-suffix=".es6" />
      <NestingRule child-file-suffix=".eslintignore" parent-file-suffix=".eslintrc.cjs" />
      <NestingRule child-file-suffix=".eslintignore" parent-file-suffix=".eslintrc.json" />
      <NestingRule child-file-suffix="-compiled.js" parent-file-suffix=".js" />
      <NestingRule child-file-suffix="-compiled.js.map" parent-file-suffix=".js" />
      <NestingRule child-file-suffix=".js.map" parent-file-suffix=".js" />
      <NestingRule child-file-suffix=".map" parent-file-suffix=".js" />
      <NestingRule child-file-suffix=".min.js" parent-file-suffix=".js" />
      <NestingRule child-file-suffix=".min.js.map" parent-file-suffix=".js" />
      <NestingRule child-file-suffix=".json.graphql" parent-file-suffix=".json" />
      <NestingRule child-file-suffix=".js" parent-file-suffix=".jsx" />
      <NestingRule child-file-suffix=".js.map" parent-file-suffix=".jsx" />
      <NestingRule child-file-suffix=".css" parent-file-suffix=".less" />
      <NestingRule child-file-suffix=".css.map" parent-file-suffix=".less" />
      <NestingRule child-file-suffix=".mjs.map" parent-file-suffix=".mjs" />
      <NestingRule child-file-suffix=".d.mts" parent-file-suffix=".mts" />
      <NestingRule child-file-suffix=".d.mts.map" parent-file-suffix=".mts" />
      <NestingRule child-file-suffix=".js" parent-file-suffix=".mts" />
      <NestingRule child-file-suffix=".js.map" parent-file-suffix=".mts" />
      <NestingRule child-file-suffix=".mjs" parent-file-suffix=".mts" />
      <NestingRule child-file-suffix=".mjs.map" parent-file-suffix=".mts" />
      <NestingRule child-file-suffix=".prettierignore" parent-file-suffix=".prettierrc.json" />
      <NestingRule child-file-suffix=".prettierignore" parent-file-suffix=".prettierrc.yaml" />
      <NestingRule child-file-suffix=".css" parent-file-suffix=".sass" />
      <NestingRule child-file-suffix=".css.map" parent-file-suffix=".sass" />
      <NestingRule child-file-suffix=".css" parent-file-suffix=".scss" />
      <NestingRule child-file-suffix=".css.map" parent-file-suffix=".scss" />
      <NestingRule child-file-suffix=".stylelintignore" parent-file-suffix=".stylelintrc.json" />
      <NestingRule child-file-suffix=".stylelintignore" parent-file-suffix=".stylelintrc.yaml" />
      <NestingRule child-file-suffix=".cjs" parent-file-suffix=".ts" />
      <NestingRule child-file-suffix=".cjs.map" parent-file-suffix=".ts" />
      <NestingRule child-file-suffix=".d.ts" parent-file-suffix=".ts" />
      <NestingRule child-file-suffix=".d.ts.map" parent-file-suffix=".ts" />
      <NestingRule child-file-suffix=".js" parent-file-suffix=".ts" />
      <NestingRule child-file-suffix=".js.map" parent-file-suffix=".ts" />
      <NestingRule child-file-suffix=".mjs" parent-file-suffix=".ts" />
      <NestingRule child-file-suffix=".mjs.map" parent-file-suffix=".ts" />
      <NestingRule child-file-suffix=".d.ts" parent-file-suffix=".tsx" />
      <NestingRule child-file-suffix=".d.ts.map" parent-file-suffix=".tsx" />
      <NestingRule child-file-suffix=".js" parent-file-suffix=".tsx" />
      <NestingRule child-file-suffix=".js.map" parent-file-suffix=".tsx" />
      <NestingRule child-file-suffix=".jsx" parent-file-suffix=".tsx" />
      <NestingRule child-file-suffix=".jsx.map" parent-file-suffix=".tsx" />
      <NestingRule child-file-suffix="Cargo.lock" parent-file-suffix="Cargo.toml" />
      <NestingRule child-file-suffix="app.d.ts" parent-file-suffix="app.html" />
      <NestingRule child-file-suffix=".dockerignore" parent-file-suffix="dockerfile" />
      <NestingRule child-file-suffix="api.sh" parent-file-suffix="dockerfile" />
      <NestingRule child-file-suffix="interface.sh" parent-file-suffix="dockerfile" />
      <NestingRule child-file-suffix="ui.sh" parent-file-suffix="dockerfile" />
      <NestingRule child-file-suffix=".eslintignore" parent-file-suffix="eslint.config.cjs" />
      <NestingRule child-file-suffix=".eslintignore" parent-file-suffix="eslint.config.cts" />
      <NestingRule child-file-suffix=".eslintignore" parent-file-suffix="eslint.config.js" />
      <NestingRule child-file-suffix=".eslintignore" parent-file-suffix="eslint.config.mjs" />
      <NestingRule child-file-suffix=".eslintignore" parent-file-suffix="eslint.config.mts" />
      <NestingRule child-file-suffix=".eslintignore" parent-file-suffix="eslint.config.ts" />
      <NestingRule child-file-suffix="go.sum" parent-file-suffix="go.mod" />
      <NestingRule child-file-suffix="jest.setup.ts" parent-file-suffix="jest.config.ts" />
      <NestingRule child-file-suffix="next-env.d.ts" parent-file-suffix="next.config.mjs" />
      <NestingRule child-file-suffix="bun.lockb" parent-file-suffix="package.json" />
      <NestingRule child-file-suffix="npm-shrinkwrap.json" parent-file-suffix="package.json" />
      <NestingRule child-file-suffix="package-lock.json" parent-file-suffix="package.json" />
      <NestingRule child-file-suffix="pnpm-lock.yaml" parent-file-suffix="package.json" />
      <NestingRule child-file-suffix="pnpm-workspace.yaml" parent-file-suffix="package.json" />
      <NestingRule child-file-suffix="yarn.lock" parent-file-suffix="package.json" />
      <NestingRule child-file-suffix=".env.task" parent-file-suffix="taskfile.yaml" />
      <NestingRule child-file-suffix="vitest.setup.ts" parent-file-suffix="vite.config.ts" />
    </nesting-rules>
  </component>
  <component name="UISettings">
    <option name="MARK_MODIFIED_TABS_WITH_ASTERISK" value="true" />
  </component>
</application>