<application>
  <component name="DimensionService">
    <size key="GridCell.Tab.0.left.0.0.1920.1080" width="1838" height="301" />
    <size key="GridCell.Tab.0.center.0.0.1920.1080" width="1838" height="301" />
    <size key="GridCell.Tab.0.right.0.0.1920.1080" width="1838" height="301" />
    <size key="GridCell.Tab.0.bottom.0.0.1920.1080" width="1838" height="301" />
    <size key="GridCell.Tab.1.left.0.0.1920.1080" width="1838" height="896" />
    <size key="GridCell.Tab.1.center.0.0.1920.1080" width="1838" height="896" />
    <size key="GridCell.Tab.1.right.0.0.1920.1080" width="1838" height="896" />
    <size key="GridCell.Tab.1.bottom.0.0.1920.1080" width="1838" height="896" />
    <size key="GridCell.Tab.2.left.0.0.1920.1080" width="1838" height="896" />
    <size key="GridCell.Tab.2.center.0.0.1920.1080" width="1838" height="896" />
    <size key="GridCell.Tab.2.right.0.0.1920.1080" width="1838" height="896" />
    <size key="GridCell.Tab.2.bottom.0.0.1920.1080" width="1838" height="896" />
    <size key="GridCell.Tab.3.left.0.0.1920.1080" width="1838" height="896" />
    <size key="GridCell.Tab.3.center.0.0.1920.1080" width="1838" height="896" />
    <size key="GridCell.Tab.3.right.0.0.1920.1080" width="1838" height="896" />
    <size key="GridCell.Tab.3.bottom.0.0.1920.1080" width="1838" height="896" />
    <size key="GridCell.Tab.4.left.0.0.1920.1080" width="1838" height="896" />
    <size key="GridCell.Tab.4.center.0.0.1920.1080" width="1838" height="896" />
    <size key="GridCell.Tab.4.right.0.0.1920.1080" width="1838" height="896" />
    <size key="GridCell.Tab.4.bottom.0.0.1920.1080" width="1838" height="896" />
  </component>
  <component name="WindowManager">
    <frame x="0" y="30" width="1920" height="1050" extendedState="6" />
  </component>
  <component name="WindowStateApplicationService">
    <state x="555" y="240" width="800" height="642" key="#com.intellij.openapi.updateSettings.impl.PluginUpdateInfoDialog" timestamp="1730109448010">
      <screen x="0" y="30" width="1920" height="1050" />
    </state>
    <state x="555" y="240" width="800" height="642" key="#com.intellij.openapi.updateSettings.impl.PluginUpdateInfoDialog/0.30.1920.1050" timestamp="1730109448010" />
    <state x="490" y="319" width="749" height="528" key="FileChooserDialogImpl" timestamp="1735985925480">
      <screen x="0" y="30" width="1920" height="1050" />
    </state>
    <state x="490" y="319" width="749" height="528" key="FileChooserDialogImpl/0.30.1920.1050" timestamp="1735985925480" />
    <state x="960" y="555" width="1920" height="1050" key="WELCOME_SCREEN" timestamp="1738170194308">
      <screen x="0" y="30" width="1920" height="1050" />
    </state>
    <state x="960" y="555" width="1920" height="1050" key="WELCOME_SCREEN/0.30.1920.1050" timestamp="1738170194308" />
    <state x="226" y="73" width="1486" height="968" key="new project wizard" timestamp="1730482141458">
      <screen x="0" y="30" width="1920" height="1050" />
    </state>
    <state x="226" y="73" width="1486" height="968" key="new project wizard/0.30.1920.1050" timestamp="1730482141458" />
  </component>
</application>