<application>
  <component name="DimensionService">
    <size key="GridCell.Tab.0.left.0.0.1920.1080" width="1838" height="896" />
    <size key="GridCell.Tab.0.center.0.0.1920.1080" width="1838" height="896" />
    <size key="GridCell.Tab.0.right.0.0.1920.1080" width="1838" height="896" />
    <size key="GridCell.Tab.0.bottom.0.0.1920.1080" width="1838" height="896" />
    <size key="GridCell.Tab.1.left.0.0.1920.1080" width="1838" height="896" />
    <size key="GridCell.Tab.1.center.0.0.1920.1080" width="1838" height="896" />
    <size key="GridCell.Tab.1.right.0.0.1920.1080" width="1838" height="896" />
    <size key="GridCell.Tab.1.bottom.0.0.1920.1080" width="1838" height="896" />
  </component>
  <component name="WindowManager">
    <frame x="0" y="30" width="1920" height="1050" extendedState="6" />
  </component>
  <component name="WindowStateApplicationService">
    <state x="705" y="425" width="510" height="272" key="#com.intellij.ide.actions.ChooseComponentsToExportDialog" timestamp="1723052626117">
      <screen x="0" y="30" width="1920" height="1050" />
    </state>
    <state x="705" y="425" width="510" height="272" key="#com.intellij.ide.actions.ChooseComponentsToExportDialog/0.30.1920.1050" timestamp="1723052626117" />
    <state x="555" y="240" width="800" height="642" key="#com.intellij.openapi.updateSettings.impl.PluginUpdateInfoDialog" timestamp="1727296332811">
      <screen x="0" y="30" width="1920" height="1050" />
    </state>
    <state x="555" y="240" width="800" height="642" key="#com.intellij.openapi.updateSettings.impl.PluginUpdateInfoDialog/0.30.1920.1050" timestamp="1727296332811" />
    <state x="1102" y="433" width="528" height="528" key="FileChooserDialogImpl" timestamp="1727544386333">
      <screen x="0" y="30" width="1920" height="1050" />
    </state>
    <state x="1102" y="433" width="528" height="528" key="FileChooserDialogImpl/0.30.1920.1050" timestamp="1727544386333" />
    <state x="543" y="294" width="824" height="552" key="IDE.errors.dialog" timestamp="1725363107884">
      <screen x="0" y="30" width="1920" height="1050" />
    </state>
    <state x="543" y="294" width="824" height="552" key="IDE.errors.dialog/0.30.1920.1050" timestamp="1725363107884" />
    <state x="960" y="555" width="1920" height="1050" key="WELCOME_SCREEN" timestamp="1727625229512">
      <screen x="0" y="30" width="1920" height="1050" />
    </state>
    <state x="960" y="555" width="1920" height="1050" key="WELCOME_SCREEN/0.30.1920.1050" timestamp="1727625229512" />
    <state x="960" y="555" width="1920" height="1050" key="WELCOME_SCREEN/0.33.1920.1047" timestamp="1726697618102" />
    <state x="226" y="73" width="1486" height="968" key="new project wizard" timestamp="1727169090655">
      <screen x="0" y="30" width="1920" height="1050" />
    </state>
    <state x="226" y="73" width="1486" height="968" key="new project wizard/0.30.1920.1050" timestamp="1727169090655" />
  </component>
</application>