<application>
  <component name="ProjectManager">
    <defaultProject>
      <component name="AutoImportSettings">
        <option name="autoReloadType" value="SELECTIVE" />
      </component>
      <component name="BunSettings">
        <option name="bunPath" value="/home/linuxbrew/.linuxbrew/bin/bun" />
      </component>
      <component name="ComposerSettings" synchronizationState="SYNCHRONIZE">
        <execution>
          <executable path="/home/linuxbrew/.linuxbrew/bin/composer" />
        </execution>
      </component>
      <component name="EslintConfiguration">
        <files-pattern value="**/*.{js,ts,jsx,tsx,cjs,cts,mjs,mts,html,vue,astro,svelte}" />
      </component>
      <component name="FormatOnSaveOptions">
        <option name="myRunOnSave" value="true" />
      </component>
      <component name="InspectionProjectProfileManager">
        <profile version="1.0">
          <option name="myName" value="Project Default" />
          <inspection_tool class="Eslint" enabled="true" level="WARNING" enabled_by_default="true" />
          <inspection_tool class="PhpStanGlobal" enabled="true" level="WEAK WARNING" enabled_by_default="true" />
          <inspection_tool class="Stylelint" enabled="true" level="ERROR" enabled_by_default="true" />
        </profile>
        <version value="1.0" />
      </component>
      <component name="KubernetesApiProvider">{}</component>
      <component name="LaravelPint">
        <laravel_pint_settings>
          <laravel_pint_by_interpreter asDefaultInterpreter="true" interpreter_id="c85d48a7-6c52-418f-84f3-096d2d3ba283">
            <option name="timeout" value="30000" />
          </laravel_pint_by_interpreter>
        </laravel_pint_settings>
      </component>
      <component name="MaterialThemeProjectNewConfig">
        <option name="metadata">
          <MTProjectMetadataState>
            <option name="migrated" value="true" />
            <option name="pristineConfig" value="false" />
            <option name="userId" value="-15914287:193fcb85b2b:-7ffa" />
          </MTProjectMetadataState>
        </option>
      </component>
      <component name="PhpCodeSniffer">
        <phpcs_settings>
          <phpcs_by_interpreter asDefaultInterpreter="true" interpreter_id="c85d48a7-6c52-418f-84f3-096d2d3ba283" timeout="30000" />
        </phpcs_settings>
      </component>
      <component name="PhpProjectSharedConfiguration" php_language_level="8.4" />
      <component name="PhpStan">
        <PhpStan_settings>
          <PhpStanConfiguration tool_path="/home/linuxbrew/.linuxbrew/bin/phpstan" timeout="60000" />
          <phpstan_by_interpreter asDefaultInterpreter="true" interpreter_id="c85d48a7-6c52-418f-84f3-096d2d3ba283" tool_path="/home/linuxbrew/.linuxbrew/bin/phpstan" timeout="60000" />
        </PhpStan_settings>
      </component>
      <component name="PhpStanOptionsConfiguration">
        <option name="config" value="$USER_HOME$/.config/composer/phpstan.neon" />
        <option name="level" value="8" />
      </component>
      <component name="PhpWorkspaceProjectConfiguration" interpreter_name="PHP" />
      <component name="PrettierConfiguration">
        <option name="myConfigurationMode" value="MANUAL" />
        <option name="myRunOnSave" value="true" />
        <option name="myRunOnReformat" value="true" />
        <option name="myFilesPattern" value="**/*.{js,jsx,cjs,mjs,ts,tsx,cts,mts,html,css,scss,sass,json,yaml,md,mdx,graphql,graphqls,gql,vue,astro,svelte,properties,toml,xml,java,php,blade.php}" />
        <option name="customIgnorePath" value="$USER_HOME$/.bun/install/global/.prettierignore" />
      </component>
      <component name="ProjectDictionaryState">
        <dictionary name="trina" />
      </component>
      <component name="ProjectInspectionProfilesVisibleTreeState">
        <entry key="Project Default">
          <profile-state>
            <selected-state>
              <State>
                <id>User defined</id>
              </State>
            </selected-state>
          </profile-state>
        </entry>
      </component>
      <component name="PropertiesComponent"><![CDATA[{
  "keyToString": {
    "last_opened_file_path": "/home/linuxbrew/.linuxbrew/bin/helm",
    "node.js.selected.package.eslint": "(autodetect)",
    "node.js.selected.package.standard": "",
    "node.js.selected.package.stylelint": "/home/trina/.bun/install/global/node_modules/stylelint",
    "nodejs_interpreter_path": "/home/linuxbrew/.linuxbrew/bin/node",
    "nodejs_package_manager_path": "npm",
    "prettierjs.PrettierConfiguration.Package": "/home/trina/.bun/install/global/node_modules/prettier",
    "settings.editor.selected.configurable": "configurable.group.appearance"
  }
}]]></component>
      <component name="Psalm">
        <Psalm_settings>
          <psalm_fixer_by_interpreter asDefaultInterpreter="true" interpreter_id="c85d48a7-6c52-418f-84f3-096d2d3ba283" timeout="60000" />
        </Psalm_settings>
      </component>
      <component name="StylelintConfiguration">
        <config-file value="$USER_HOME$/.bun/install/global/.stylelintrc.yaml" />
        <file-patterns value="**/*.{html,css,scss,vue,astro,svelte}" />
      </component>
      <component name="SvnConfiguration">
        <configuration>$USER_HOME$/.subversion</configuration>
      </component>
      <component name="TaskManager">
        <task active="true" id="Default" summary="Default task">
          <created>1735990487300</created>
          <option name="number" value="Default" />
          <option name="presentableId" value="Default" />
          <updated>1735990487300</updated>
          <workItem from="1735990488362" duration="6617000" />
        </task>
        <servers />
      </component>
      <component name="TimeTrackingManager">
        <option name="totallyTimeSpent" value="6617000" />
      </component>
      <component name="VcsDirectoryMappings" defaultProject="true" />
      <component name="WindowStateProjectService">
        <state x="562" y="206" width="824" height="698" key="#CLI_Interpreters" timestamp="1736003336155">
          <screen x="0" y="30" width="1920" height="1050" />
        </state>
        <state x="562" y="206" width="824" height="698" key="#CLI_Interpreters/0.30.1920.1050" timestamp="1736003336155" />
        <state x="562" y="206" width="824" height="698" key="#PHPStan" timestamp="1736003610016">
          <screen x="0" y="30" width="1920" height="1050" />
        </state>
        <state x="562" y="206" width="824" height="698" key="#PHPStan/0.30.1920.1050" timestamp="1736003610016" />
        <state x="762" y="306" width="427" height="498" key="FileChooserDialogImpl" timestamp="1736004366105">
          <screen x="0" y="30" width="1920" height="1050" />
        </state>
        <state x="762" y="306" width="427" height="498" key="FileChooserDialogImpl/0.30.1920.1050" timestamp="1736004366105" />
        <state x="223" y="72" width="1512" height="954" key="SettingsEditor" timestamp="1736020746210">
          <screen x="0" y="30" width="1920" height="1050" />
        </state>
        <state x="223" y="72" width="1512" height="954" key="SettingsEditor/0.30.1920.1050" timestamp="1736020746210" />
        <state x="0" y="30" width="1910" height="1050" key="com.jetbrains.php.config.phpInfo.PhpInfo.PhpInfoDialog" timestamp="1736003315498">
          <screen x="0" y="30" width="1920" height="1050" />
        </state>
        <state x="0" y="30" width="1910" height="1050" key="com.jetbrains.php.config.phpInfo.PhpInfo.PhpInfoDialog/0.30.1920.1050" timestamp="1736003315498" />
        <state x="699" y="359" width="550" height="391" key="jetbrains.nodejs.interpreters-dialog" timestamp="1736003717075">
          <screen x="0" y="30" width="1920" height="1050" />
        </state>
        <state x="699" y="359" width="550" height="391" key="jetbrains.nodejs.interpreters-dialog/0.30.1920.1050" timestamp="1736003717075" />
      </component>
    </defaultProject>
  </component>
</application>