<application>
  <component name="RainbowSettings">
    <option name="indentGuidesOptions" value="Only selected indent guide" />
    <option name="languageBlacklist">
      <set>
        <option value="hocon" />
        <option value="mxml" />
        <option value="Twig" />
        <option value="Blade" />
      </set>
    </option>
    <option name="rainbowifyPythonKeywords" value="true" />
    <option name="rainbowifyTagNameInXML" value="true" />
    <option name="suppressBlackListCheck" value="true" />
    <option name="version" value="2024.2.8-241" />
  </component>
</application>