<application>
  <component name="WindowManager">
    <frame x="0" y="30" width="1920" height="1050" extendedState="6" />
  </component>
  <component name="WindowStateApplicationService">
    <state x="743" y="297" width="424" height="527" key="FileChooserDialogImpl" timestamp="1736015271945">
      <screen x="0" y="30" width="1920" height="1050" />
    </state>
    <state x="743" y="297" width="424" height="527" key="FileChooserDialogImpl/0.30.1920.1050" timestamp="1736015271945" />
    <state x="960" y="555" width="1920" height="1050" key="WELCOME_SCREEN" timestamp="1736020747485">
      <screen x="0" y="30" width="1920" height="1050" />
    </state>
    <state x="960" y="555" width="1920" height="1050" key="WELCOME_SCREEN/0.30.1920.1050" timestamp="1736020747485" />
  </component>
</application>