<application>
  <component name="DimensionService">
    <size key="GridCell.Tab.0.left.0.0.1920.1080" width="1838" height="896" />
    <size key="GridCell.Tab.0.center.0.0.1920.1080" width="1838" height="896" />
    <size key="GridCell.Tab.0.right.0.0.1920.1080" width="1838" height="896" />
    <size key="GridCell.Tab.0.bottom.0.0.1920.1080" width="1838" height="896" />
  </component>
  <component name="WindowManager">
    <frame x="0" y="30" width="1920" height="1050" extendedState="6" />
  </component>
  <component name="WindowStateApplicationService">
    <state x="743" y="297" width="424" height="527" key="FileChooserDialogImpl" timestamp="1736102768937">
      <screen x="0" y="30" width="1920" height="1050" />
    </state>
    <state x="743" y="297" width="424" height="527" key="FileChooserDialogImpl/0.30.1920.1050" timestamp="1736102768937" />
    <state x="960" y="555" width="1920" height="1050" key="WELCOME_SCREEN" timestamp="1736104791022">
      <screen x="0" y="30" width="1920" height="1050" />
    </state>
    <state x="960" y="555" width="1920" height="1050" key="WELCOME_SCREEN/0.30.1920.1050" timestamp="1736104791022" />
  </component>
</application>